NodeELEC,NodeGAS,DistELEC,DistGAS,ServiceName,ApplianceName,ApplianceCount,Lifetime,isHybrid,UpgradeCostLow,UpgradeCostHigh,AverageCharge,EOLCharge,AnnualLeak,EOLLoss
1,1,1,1,Res_WaterHeating,GasFiredWH,43711,13,0,0,0,0,0,0,0
2,2,2,2,Res_WaterHeating,GasFiredWH,332765,13,0,0,0,0,0,0,0
3,3,3,3,Res_WaterHeating,GasFiredWH,1206017,13,0,0,0,0,0,0,0
4,4,4,4,Res_WaterHeating,GasFiredWH,490614,13,0,0,0,0,0,0,0
5,5,5,5,Res_WaterHeating,GasFiredWH,91614,13,0,0,0,0,0,0,0
6,6,6,6,Res_WaterHeating,GasFiredWH,879378,13,0,0,0,0,0,0,0
7,7,7,7,Res_WaterHeating,GasFiredWH,635662,13,0,0,0,0,0,0,0
8,8,8,8,Res_WaterHeating,GasFiredWH,972668,13,0,0,0,0,0,0,0
9,9,9,9,Res_WaterHeating,GasFiredWH,1528794,13,0,0,0,0,0,0,0
10,10,10,10,Res_WaterHeating,GasFiredWH,1053512,13,0,0,0,0,0,0,0
11,11,11,11,Res_WaterHeating,GasFiredWH,346180,13,0,0,0,0,0,0,0
12,12,12,12,Res_WaterHeating,GasFiredWH,1270588,13,0,0,0,0,0,0,0
13,13,13,13,Res_WaterHeating,GasFiredWH,707528,13,0,0,0,0,0,0,0
14,14,14,14,Res_WaterHeating,GasFiredWH,267929,13,0,0,0,0,0,0,0
15,15,15,15,Res_WaterHeating,GasFiredWH,116935,13,0,0,0,0,0,0,0
16,16,16,16,Res_WaterHeating,GasFiredWH,108208,13,0,0,0,0,0,0,0
1,1,1,1,Res_WaterHeating,ElecHeatPumpWH,22523,15,0,853,853,2.4,2.1,0.01,1
2,2,2,2,Res_WaterHeating,ElecHeatPumpWH,39400,15,0,647,647,2.4,2.1,0.01,1
3,3,3,3,Res_WaterHeating,ElecHeatPumpWH,75831,15,0,750,750,2.4,2.1,0.01,1
4,4,4,4,Res_WaterHeating,ElecHeatPumpWH,17258,15,0,653,653,2.4,2.1,0.01,1
5,5,5,5,Res_WaterHeating,ElecHeatPumpWH,6931,15,0,683,683,2.4,2.1,0.01,1
6,6,6,6,Res_WaterHeating,ElecHeatPumpWH,74913,15,0,762,762,2.4,2.1,0.01,1
7,7,7,7,Res_WaterHeating,ElecHeatPumpWH,58397,15,0,644,644,2.4,2.1,0.01,1
8,8,8,8,Res_WaterHeating,ElecHeatPumpWH,49867,15,0,698,698,2.4,2.1,0.01,1
9,9,9,9,Res_WaterHeating,ElecHeatPumpWH,77764,15,0,742,742,2.4,2.1,0.01,1
10,10,10,10,Res_WaterHeating,ElecHeatPumpWH,38225,15,0,397,397,2.4,2.1,0.01,1
11,11,11,11,Res_WaterHeating,ElecHeatPumpWH,63091,15,0,608,608,2.4,2.1,0.01,1
12,12,12,12,Res_WaterHeating,ElecHeatPumpWH,92810,15,0,622,622,2.4,2.1,0.01,1
13,13,13,13,Res_WaterHeating,ElecHeatPumpWH,28852,15,0,581,581,2.4,2.1,0.01,1
14,14,14,14,Res_WaterHeating,ElecHeatPumpWH,7822,15,0,370,370,2.4,2.1,0.01,1
15,15,15,15,Res_WaterHeating,ElecHeatPumpWH,8783,15,0,507,507,2.4,2.1,0.01,1
16,16,16,16,Res_WaterHeating,ElecHeatPumpWH,24725,15,0,658,658,2.4,2.1,0.01,1
1,1,1,1,Res_SpaceHeating,GasFurnace_SpaceHeat,17819,15,0,0,0,0,0,0,0
2,2,2,2,Res_SpaceHeating,GasFurnace_SpaceHeat,151585,15,0,0,0,0,0,0,0
3,3,3,3,Res_SpaceHeating,GasFurnace_SpaceHeat,535898,15,0,0,0,0,0,0,0
4,4,4,4,Res_SpaceHeating,GasFurnace_SpaceHeat,322196,15,0,0,0,0,0,0,0
5,5,5,5,Res_SpaceHeating,GasFurnace_SpaceHeat,56386,15,0,0,0,0,0,0,0
6,6,6,6,Res_SpaceHeating,GasFurnace_SpaceHeat,299387,15,0,0,0,0,0,0,0
7,7,7,7,Res_SpaceHeating,GasFurnace_SpaceHeat,189468,15,0,0,0,0,0,0,0
8,8,8,8,Res_SpaceHeating,GasFurnace_SpaceHeat,250191,15,0,0,0,0,0,0,0
9,9,9,9,Res_SpaceHeating,GasFurnace_SpaceHeat,230152,15,0,0,0,0,0,0,0
10,10,10,10,Res_SpaceHeating,GasFurnace_SpaceHeat,44814,15,0,0,0,0,0,0,0
11,11,11,11,Res_SpaceHeating,GasFurnace_SpaceHeat,29328,15,0,0,0,0,0,0,0
12,12,12,12,Res_SpaceHeating,GasFurnace_SpaceHeat,102777,15,0,0,0,0,0,0,0
13,13,13,13,Res_SpaceHeating,GasFurnace_SpaceHeat,77694,15,0,0,0,0,0,0,0
14,14,14,14,Res_SpaceHeating,GasFurnace_SpaceHeat,21725,15,0,0,0,0,0,0,0
15,15,15,15,Res_SpaceHeating,GasFurnace_SpaceHeat,4929,15,0,0,0,0,0,0,0
16,16,16,16,Res_SpaceHeating,GasFurnace_SpaceHeat,20183,15,0,0,0,0,0,0,0
1,1,1,1,Res_SpaceHeating,ElecHeatPump_SpaceHeat,8220,15,0,853,853,9,7.6,0.05,0.8
2,2,2,2,Res_SpaceHeating,ElecHeatPump_SpaceHeat,84868,15,0,647,647,9,7.6,0.05,0.8
3,3,3,3,Res_SpaceHeating,ElecHeatPump_SpaceHeat,274153,15,0,750,750,9,7.6,0.05,0.8
4,4,4,4,Res_SpaceHeating,ElecHeatPump_SpaceHeat,122017,15,0,653,653,9,7.6,0.05,0.8
5,5,5,5,Res_SpaceHeating,ElecHeatPump_SpaceHeat,21381,15,0,683,683,9,7.6,0.05,0.8
6,6,6,6,Res_SpaceHeating,ElecHeatPump_SpaceHeat,223567,15,0,762,762,9,7.6,0.05,0.8
7,7,7,7,Res_SpaceHeating,ElecHeatPump_SpaceHeat,218980,15,0,644,644,9,7.6,0.05,0.8
8,8,8,8,Res_SpaceHeating,ElecHeatPump_SpaceHeat,237769,15,0,698,698,9,7.6,0.05,0.8
9,9,9,9,Res_SpaceHeating,ElecHeatPump_SpaceHeat,376854,15,0,742,742,9,7.6,0.05,0.8
10,10,10,10,Res_SpaceHeating,ElecHeatPump_SpaceHeat,174293,15,0,397,397,9,7.6,0.05,0.8
11,11,11,11,Res_SpaceHeating,ElecHeatPump_SpaceHeat,76976,15,0,608,608,9,7.6,0.05,0.8
12,12,12,12,Res_SpaceHeating,ElecHeatPump_SpaceHeat,311216,15,0,622,622,9,7.6,0.05,0.8
13,13,13,13,Res_SpaceHeating,ElecHeatPump_SpaceHeat,125608,15,0,581,581,9,7.6,0.05,0.8
14,14,14,14,Res_SpaceHeating,ElecHeatPump_SpaceHeat,21419,15,0,370,370,9,7.6,0.05,0.8
15,15,15,15,Res_SpaceHeating,ElecHeatPump_SpaceHeat,23773,15,0,507,507,9,7.6,0.05,0.8
16,16,16,16,Res_SpaceHeating,ElecHeatPump_SpaceHeat,21484,15,0,658,658,9,7.6,0.05,0.8
1,1,1,1,Res_Cooking,GasRange_Res,27582,21,0,0,0,0,0,0,0
2,2,2,2,Res_Cooking,GasRange_Res,204750,21,0,0,0,0,0,0,0
3,3,3,3,Res_Cooking,GasRange_Res,887816,21,0,0,0,0,0,0,0
4,4,4,4,Res_Cooking,GasRange_Res,299729,21,0,0,0,0,0,0,0
5,5,5,5,Res_Cooking,GasRange_Res,76344,21,0,0,0,0,0,0,0
6,6,6,6,Res_Cooking,GasRange_Res,779600,21,0,0,0,0,0,0,0
7,7,7,7,Res_Cooking,GasRange_Res,477160,21,0,0,0,0,0,0,0
8,8,8,8,Res_Cooking,GasRange_Res,866697,21,0,0,0,0,0,0,0
9,9,9,9,Res_Cooking,GasRange_Res,1349640,21,0,0,0,0,0,0,0
10,10,10,10,Res_Cooking,GasRange_Res,857221,21,0,0,0,0,0,0,0
11,11,11,11,Res_Cooking,GasRange_Res,214195,21,0,0,0,0,0,0,0
12,12,12,12,Res_Cooking,GasRange_Res,765991,21,0,0,0,0,0,0,0
13,13,13,13,Res_Cooking,GasRange_Res,442379,21,0,0,0,0,0,0,0
14,14,14,14,Res_Cooking,GasRange_Res,239047,21,0,0,0,0,0,0,0
15,15,15,15,Res_Cooking,GasRange_Res,80430,21,0,0,0,0,0,0,0
16,16,16,16,Res_Cooking,GasRange_Res,76353,21,0,0,0,0,0,0,0
1,1,1,1,Res_Cooking,ElecInduction_Res,39678,17,0,853,853,0,0,0,0
2,2,2,2,Res_Cooking,ElecInduction_Res,169975,17,0,647,647,0,0,0,0
3,3,3,3,Res_Cooking,ElecInduction_Res,622274,17,0,750,750,0,0,0,0
4,4,4,4,Res_Cooking,ElecInduction_Res,269127,17,0,653,653,0,0,0,0
5,5,5,5,Res_Cooking,ElecInduction_Res,26272,17,0,683,683,0,0,0,0
6,6,6,6,Res_Cooking,ElecInduction_Res,328891,17,0,762,762,0,0,0,0
7,7,7,7,Res_Cooking,ElecInduction_Res,316488,17,0,644,644,0,0,0,0
8,8,8,8,Res_Cooking,ElecInduction_Res,329618,17,0,698,698,0,0,0,0
9,9,9,9,Res_Cooking,ElecInduction_Res,547286,17,0,742,742,0,0,0,0
10,10,10,10,Res_Cooking,ElecInduction_Res,319110,17,0,397,397,0,0,0,0
11,11,11,11,Res_Cooking,ElecInduction_Res,195460,17,0,608,608,0,0,0,0
12,12,12,12,Res_Cooking,ElecInduction_Res,684717,17,0,622,622,0,0,0,0
13,13,13,13,Res_Cooking,ElecInduction_Res,303909,17,0,581,581,0,0,0,0
14,14,14,14,Res_Cooking,ElecInduction_Res,56731,17,0,370,370,0,0,0,0
15,15,15,15,Res_Cooking,ElecInduction_Res,53896,17,0,507,507,0,0,0,0
16,16,16,16,Res_Cooking,ElecInduction_Res,63224,17,0,658,658,0,0,0,0
1,1,1,1,Comm_WaterHeating,GasFiredWHComm,209,10,0,0,0,0,0,0,0
2,2,2,2,Comm_WaterHeating,GasFiredWHComm,2688,10,0,0,0,0,0,0,0
3,3,3,3,Comm_WaterHeating,GasFiredWHComm,9515,10,0,0,0,0,0,0,0
4,4,4,4,Comm_WaterHeating,GasFiredWHComm,4132,10,0,0,0,0,0,0,0
5,5,5,5,Comm_WaterHeating,GasFiredWHComm,1146,10,0,0,0,0,0,0,0
6,6,6,6,Comm_WaterHeating,GasFiredWHComm,6573,10,0,0,0,0,0,0,0
7,7,7,7,Comm_WaterHeating,GasFiredWHComm,4261,10,0,0,0,0,0,0,0
8,8,8,8,Comm_WaterHeating,GasFiredWHComm,9637,10,0,0,0,0,0,0,0
9,9,9,9,Comm_WaterHeating,GasFiredWHComm,11917,10,0,0,0,0,0,0,0
10,10,10,10,Comm_WaterHeating,GasFiredWHComm,8296,10,0,0,0,0,0,0,0
11,11,11,11,Comm_WaterHeating,GasFiredWHComm,2063,10,0,0,0,0,0,0,0
12,12,12,12,Comm_WaterHeating,GasFiredWHComm,9478,10,0,0,0,0,0,0,0
13,13,13,13,Comm_WaterHeating,GasFiredWHComm,4946,10,0,0,0,0,0,0,0
14,14,14,14,Comm_WaterHeating,GasFiredWHComm,2275,10,0,0,0,0,0,0,0
15,15,15,15,Comm_WaterHeating,GasFiredWHComm,796,10,0,0,0,0,0,0,0
16,16,16,16,Comm_WaterHeating,GasFiredWHComm,898,10,0,0,0,0,0,0,0
1,1,1,1,Comm_WaterHeating,ElecHeatPumpWHComm,371,12,0,853,853,0,0,0,0
2,2,2,2,Comm_WaterHeating,ElecHeatPumpWHComm,3337,12,0,647,647,0,0,0,0
3,3,3,3,Comm_WaterHeating,ElecHeatPumpWHComm,11037,12,0,750,750,0,0,0,0
4,4,4,4,Comm_WaterHeating,ElecHeatPumpWHComm,5942,12,0,653,653,0,0,0,0
5,5,5,5,Comm_WaterHeating,ElecHeatPumpWHComm,1396,12,0,683,683,0,0,0,0
6,6,6,6,Comm_WaterHeating,ElecHeatPumpWHComm,7114,12,0,762,762,0,0,0,0
7,7,7,7,Comm_WaterHeating,ElecHeatPumpWHComm,5210,12,0,644,644,0,0,0,0
8,8,8,8,Comm_WaterHeating,ElecHeatPumpWHComm,10999,12,0,698,698,0,0,0,0
9,9,9,9,Comm_WaterHeating,ElecHeatPumpWHComm,13328,12,0,742,742,0,0,0,0
10,10,10,10,Comm_WaterHeating,ElecHeatPumpWHComm,9638,12,0,397,397,0,0,0,0
11,11,11,11,Comm_WaterHeating,ElecHeatPumpWHComm,3244,12,0,608,608,0,0,0,0
12,12,12,12,Comm_WaterHeating,ElecHeatPumpWHComm,13381,12,0,622,622,0,0,0,0
13,13,13,13,Comm_WaterHeating,ElecHeatPumpWHComm,6603,12,0,581,581,0,0,0,0
14,14,14,14,Comm_WaterHeating,ElecHeatPumpWHComm,2467,12,0,370,370,0,0,0,0
15,15,15,15,Comm_WaterHeating,ElecHeatPumpWHComm,1145,12,0,507,507,0,0,0,0
16,16,16,16,Comm_WaterHeating,ElecHeatPumpWHComm,1293,12,0,658,658,0,0,0,0
1,1,1,1,Comm_SpaceHeating,GasFurnace_SpaceHeatComm,161,23,0,0,0,0,0,0,0
2,2,2,2,Comm_SpaceHeating,GasFurnace_SpaceHeatComm,2129,23,0,0,0,0,0,0,0
3,3,3,3,Comm_SpaceHeating,GasFurnace_SpaceHeatComm,6579,23,0,0,0,0,0,0,0
4,4,4,4,Comm_SpaceHeating,GasFurnace_SpaceHeatComm,4266,23,0,0,0,0,0,0,0
5,5,5,5,Comm_SpaceHeating,GasFurnace_SpaceHeatComm,1383,23,0,0,0,0,0,0,0
6,6,6,6,Comm_SpaceHeating,GasFurnace_SpaceHeatComm,3479,23,0,0,0,0,0,0,0
7,7,7,7,Comm_SpaceHeating,GasFurnace_SpaceHeatComm,1945,23,0,0,0,0,0,0,0
8,8,8,8,Comm_SpaceHeating,GasFurnace_SpaceHeatComm,4344,23,0,0,0,0,0,0,0
9,9,9,9,Comm_SpaceHeating,GasFurnace_SpaceHeatComm,3022,23,0,0,0,0,0,0,0
10,10,10,10,Comm_SpaceHeating,GasFurnace_SpaceHeatComm,547,23,0,0,0,0,0,0,0
11,11,11,11,Comm_SpaceHeating,GasFurnace_SpaceHeatComm,252,23,0,0,0,0,0,0,0
12,12,12,12,Comm_SpaceHeating,GasFurnace_SpaceHeatComm,1198,23,0,0,0,0,0,0,0
13,13,13,13,Comm_SpaceHeating,GasFurnace_SpaceHeatComm,942,23,0,0,0,0,0,0,0
14,14,14,14,Comm_SpaceHeating,GasFurnace_SpaceHeatComm,295,23,0,0,0,0,0,0,0
15,15,15,15,Comm_SpaceHeating,GasFurnace_SpaceHeatComm,52,23,0,0,0,0,0,0,0
16,16,16,16,Comm_SpaceHeating,GasFurnace_SpaceHeatComm,217,23,0,0,0,0,0,0,0
1,1,1,1,Comm_SpaceHeating,ElecHeatPump_SpaceHeatComm,218,21,0,853,853,18,18,0.05,0.2
2,2,2,2,Comm_SpaceHeating,ElecHeatPump_SpaceHeatComm,2281,21,0,647,647,18,18,0.05,0.2
3,3,3,3,Comm_SpaceHeating,ElecHeatPump_SpaceHeatComm,8386,21,0,750,750,18,18,0.05,0.2
4,4,4,4,Comm_SpaceHeating,ElecHeatPump_SpaceHeatComm,4622,21,0,653,653,18,18,0.05,0.2
5,5,5,5,Comm_SpaceHeating,ElecHeatPump_SpaceHeatComm,770,21,0,683,683,18,18,0.05,0.2
6,6,6,6,Comm_SpaceHeating,ElecHeatPump_SpaceHeatComm,4963,21,0,762,762,18,18,0.05,0.2
7,7,7,7,Comm_SpaceHeating,ElecHeatPump_SpaceHeatComm,4506,21,0,644,644,18,18,0.05,0.2
8,8,8,8,Comm_SpaceHeating,ElecHeatPump_SpaceHeatComm,8160,21,0,698,698,18,18,0.05,0.2
9,9,9,9,Comm_SpaceHeating,ElecHeatPump_SpaceHeatComm,10026,21,0,742,742,18,18,0.05,0.2
10,10,10,10,Comm_SpaceHeating,ElecHeatPump_SpaceHeatComm,6864,21,0,397,397,18,18,0.05,0.2
11,11,11,11,Comm_SpaceHeating,ElecHeatPump_SpaceHeatComm,2523,21,0,608,608,18,18,0.05,0.2
12,12,12,12,Comm_SpaceHeating,ElecHeatPump_SpaceHeatComm,10488,21,0,622,622,18,18,0.05,0.2
13,13,13,13,Comm_SpaceHeating,ElecHeatPump_SpaceHeatComm,5058,21,0,581,581,18,18,0.05,0.2
14,14,14,14,Comm_SpaceHeating,ElecHeatPump_SpaceHeatComm,1764,21,0,370,370,18,18,0.05,0.2
15,15,15,15,Comm_SpaceHeating,ElecHeatPump_SpaceHeatComm,890,21,0,507,507,18,18,0.05,0.2
16,16,16,16,Comm_SpaceHeating,ElecHeatPump_SpaceHeatComm,928,21,0,658,658,18,18,0.05,0.2
1,1,1,1,Res_SpaceCoolingHeating,AC_GasFurnace,11880,15,0,0,0,8.2,7,0.05,0.8
2,2,2,2,Res_SpaceCoolingHeating,AC_GasFurnace,101056,15,0,0,0,8.2,7,0.05,0.8
3,3,3,3,Res_SpaceCoolingHeating,AC_GasFurnace,438462,15,0,0,0,8.2,7,0.05,0.8
4,4,4,4,Res_SpaceCoolingHeating,AC_GasFurnace,80549,15,0,0,0,8.2,7,0.05,0.8
5,5,5,5,Res_SpaceCoolingHeating,AC_GasFurnace,14097,15,0,0,0,8.2,7,0.05,0.8
6,6,6,6,Res_SpaceCoolingHeating,AC_GasFurnace,449081,15,0,0,0,8.2,7,0.05,0.8
7,7,7,7,Res_SpaceCoolingHeating,AC_GasFurnace,284201,15,0,0,0,8.2,7,0.05,0.8
8,8,8,8,Res_SpaceCoolingHeating,AC_GasFurnace,464641,15,0,0,0,8.2,7,0.05,0.8
9,9,9,9,Res_SpaceCoolingHeating,AC_GasFurnace,920607,15,0,0,0,8.2,7,0.05,0.8
10,10,10,10,Res_SpaceCoolingHeating,AC_GasFurnace,851461,15,0,0,0,8.2,7,0.05,0.8
11,11,11,11,Res_SpaceCoolingHeating,AC_GasFurnace,263953,15,0,0,0,8.2,7,0.05,0.8
12,12,12,12,Res_SpaceCoolingHeating,AC_GasFurnace,924992,15,0,0,0,8.2,7,0.05,0.8
13,13,13,13,Res_SpaceCoolingHeating,AC_GasFurnace,440269,15,0,0,0,8.2,7,0.05,0.8
14,14,14,14,Res_SpaceCoolingHeating,AC_GasFurnace,195523,15,0,0,0,8.2,7,0.05,0.8
15,15,15,15,Res_SpaceCoolingHeating,AC_GasFurnace,93659,15,0,0,0,8.2,7,0.05,0.8
16,16,16,16,Res_SpaceCoolingHeating,AC_GasFurnace,80732,15,0,0,0,8.2,7,0.05,0.8
1,1,1,1,Res_SpaceCoolingHeating,AC_ElecHeatPump_SpaceHeat,0,11,0,853,853,9,7.6,0.05,0.8
2,2,2,2,Res_SpaceCoolingHeating,AC_ElecHeatPump_SpaceHeat,0,11,0,647,647,9,7.6,0.05,0.8
3,3,3,3,Res_SpaceCoolingHeating,AC_ElecHeatPump_SpaceHeat,0,11,0,750,750,9,7.6,0.05,0.8
4,4,4,4,Res_SpaceCoolingHeating,AC_ElecHeatPump_SpaceHeat,0,11,0,653,653,9,7.6,0.05,0.8
5,5,5,5,Res_SpaceCoolingHeating,AC_ElecHeatPump_SpaceHeat,0,11,0,683,683,9,7.6,0.05,0.8
6,6,6,6,Res_SpaceCoolingHeating,AC_ElecHeatPump_SpaceHeat,0,11,0,762,762,9,7.6,0.05,0.8
7,7,7,7,Res_SpaceCoolingHeating,AC_ElecHeatPump_SpaceHeat,0,11,0,644,644,9,7.6,0.05,0.8
8,8,8,8,Res_SpaceCoolingHeating,AC_ElecHeatPump_SpaceHeat,0,11,0,698,698,9,7.6,0.05,0.8
9,9,9,9,Res_SpaceCoolingHeating,AC_ElecHeatPump_SpaceHeat,0,11,0,742,742,9,7.6,0.05,0.8
10,10,10,10,Res_SpaceCoolingHeating,AC_ElecHeatPump_SpaceHeat,0,11,0,397,397,9,7.6,0.05,0.8
11,11,11,11,Res_SpaceCoolingHeating,AC_ElecHeatPump_SpaceHeat,0,11,0,608,608,9,7.6,0.05,0.8
12,12,12,12,Res_SpaceCoolingHeating,AC_ElecHeatPump_SpaceHeat,0,11,0,622,622,9,7.6,0.05,0.8
13,13,13,13,Res_SpaceCoolingHeating,AC_ElecHeatPump_SpaceHeat,0,11,0,581,581,9,7.6,0.05,0.8
14,14,14,14,Res_SpaceCoolingHeating,AC_ElecHeatPump_SpaceHeat,0,11,0,370,370,9,7.6,0.05,0.8
15,15,15,15,Res_SpaceCoolingHeating,AC_ElecHeatPump_SpaceHeat,0,11,0,507,507,9,7.6,0.05,0.8
16,16,16,16,Res_SpaceCoolingHeating,AC_ElecHeatPump_SpaceHeat,0,11,0,658,658,9,7.6,0.05,0.8
1,1,1,1,Comm_SpaceCoolingHeating,AC_GasFurnaceComm,107,21,0,0,0,18,18,0.05,0.2
2,2,2,2,Comm_SpaceCoolingHeating,AC_GasFurnaceComm,1419,21,0,0,0,18,18,0.05,0.2
3,3,3,3,Comm_SpaceCoolingHeating,AC_GasFurnaceComm,5382,21,0,0,0,18,18,0.05,0.2
4,4,4,4,Comm_SpaceCoolingHeating,AC_GasFurnaceComm,1066,21,0,0,0,18,18,0.05,0.2
5,5,5,5,Comm_SpaceCoolingHeating,AC_GasFurnaceComm,346,21,0,0,0,18,18,0.05,0.2
6,6,6,6,Comm_SpaceCoolingHeating,AC_GasFurnaceComm,5218,21,0,0,0,18,18,0.05,0.2
7,7,7,7,Comm_SpaceCoolingHeating,AC_GasFurnaceComm,2917,21,0,0,0,18,18,0.05,0.2
8,8,8,8,Comm_SpaceCoolingHeating,AC_GasFurnaceComm,8068,21,0,0,0,18,18,0.05,0.2
9,9,9,9,Comm_SpaceCoolingHeating,AC_GasFurnaceComm,12089,21,0,0,0,18,18,0.05,0.2
10,10,10,10,Comm_SpaceCoolingHeating,AC_GasFurnaceComm,10387,21,0,0,0,18,18,0.05,0.2
11,11,11,11,Comm_SpaceCoolingHeating,AC_GasFurnaceComm,2265,21,0,0,0,18,18,0.05,0.2
12,12,12,12,Comm_SpaceCoolingHeating,AC_GasFurnaceComm,10779,21,0,0,0,18,18,0.05,0.2
13,13,13,13,Comm_SpaceCoolingHeating,AC_GasFurnaceComm,5341,21,0,0,0,18,18,0.05,0.2
14,14,14,14,Comm_SpaceCoolingHeating,AC_GasFurnaceComm,2658,21,0,0,0,18,18,0.05,0.2
15,15,15,15,Comm_SpaceCoolingHeating,AC_GasFurnaceComm,994,21,0,0,0,18,18,0.05,0.2
16,16,16,16,Comm_SpaceCoolingHeating,AC_GasFurnaceComm,869,21,0,0,0,18,18,0.05,0.2
1,1,1,1,Comm_SpaceCoolingHeating,AC_HeatPump_SpaceHeatComm,0,21,0,853,853,18,18,0.05,0.2
2,2,2,2,Comm_SpaceCoolingHeating,AC_HeatPump_SpaceHeatComm,0,21,0,647,647,18,18,0.05,0.2
3,3,3,3,Comm_SpaceCoolingHeating,AC_HeatPump_SpaceHeatComm,0,21,0,750,750,18,18,0.05,0.2
4,4,4,4,Comm_SpaceCoolingHeating,AC_HeatPump_SpaceHeatComm,0,21,0,653,653,18,18,0.05,0.2
5,5,5,5,Comm_SpaceCoolingHeating,AC_HeatPump_SpaceHeatComm,0,21,0,683,683,18,18,0.05,0.2
6,6,6,6,Comm_SpaceCoolingHeating,AC_HeatPump_SpaceHeatComm,0,21,0,762,762,18,18,0.05,0.2
7,7,7,7,Comm_SpaceCoolingHeating,AC_HeatPump_SpaceHeatComm,0,21,0,644,644,18,18,0.05,0.2
8,8,8,8,Comm_SpaceCoolingHeating,AC_HeatPump_SpaceHeatComm,0,21,0,698,698,18,18,0.05,0.2
9,9,9,9,Comm_SpaceCoolingHeating,AC_HeatPump_SpaceHeatComm,0,21,0,742,742,18,18,0.05,0.2
10,10,10,10,Comm_SpaceCoolingHeating,AC_HeatPump_SpaceHeatComm,0,21,0,397,397,18,18,0.05,0.2
11,11,11,11,Comm_SpaceCoolingHeating,AC_HeatPump_SpaceHeatComm,0,21,0,608,608,18,18,0.05,0.2
12,12,12,12,Comm_SpaceCoolingHeating,AC_HeatPump_SpaceHeatComm,0,21,0,622,622,18,18,0.05,0.2
13,13,13,13,Comm_SpaceCoolingHeating,AC_HeatPump_SpaceHeatComm,0,21,0,581,581,18,18,0.05,0.2
14,14,14,14,Comm_SpaceCoolingHeating,AC_HeatPump_SpaceHeatComm,0,21,0,370,370,18,18,0.05,0.2
15,15,15,15,Comm_SpaceCoolingHeating,AC_HeatPump_SpaceHeatComm,0,21,0,507,507,18,18,0.05,0.2
16,16,16,16,Comm_SpaceCoolingHeating,AC_HeatPump_SpaceHeatComm,0,21,0,658,658,18,18,0.05,0.2