NodeIn,NodeOut,MaxPower,RatedPower,Reactance,ExistingUnits,MaxNew,Distance
09110,09130,888.2825,888.2825,0.466,1,0,37200.0
09110,09140,1454.2309,1454.2309,0.466,1,0,56643.0
09110,09150,2608.5057,2608.5057,0.466,1,0,47161.0
09110,09160,50.5259,50.5259,0.466,1,0,55470.0
09110,09170,716.4533,716.4533,0.466,1,0,52058.0
09110,09180,1795.6936,1795.6936,0.466,1,0,47842.0
09110,25013,2664.2442,2664.2442,0.466,1,0,43006.0
09120,09140,442.0,442.0,0.466,1,0,28101.0
09120,09170,1582.5181,1582.5181,0.466,1,0,35162.0
09120,09190,1896.8482,1896.8482,0.466,1,0,19165.0
09130,09170,1938.334,1938.334,0.466,1,0,27114.0
09130,09180,1885.925,1885.925,0.466,1,0,36465.0
09140,09160,246.2574,246.2574,0.466,1,0,33553.0
09140,09170,532.9812,532.9812,0.466,1,0,25224.0
09140,09190,1280.1718,1280.1718,0.466,1,0,31586.0
09150,09180,37.5539,37.5539,0.466,1,0,29154.0
09150,25027,1429.0,1429.0,0.466,1,0,66494.0
09150,44007,1106.3115,1106.3115,0.466,1,0,35662.0
09160,09190,32.0,32.0,0.466,1,0,51176.0
09160,36027,43.2458,43.2458,0.466,1,0,42823.0
09180,44009,59.7562,59.7562,0.466,1,0,40861.0
09190,36027,1195.0,1195.0,0.466,1,0,53038.0
09190,36079,6.9918,6.9918,0.466,1,0,29572.0
09190,36103,328.6717,328.6717,0.466,1,0,66298.0
25001,25007,19.042,19.042,0.466,1,0,70155.0
25001,25023,11.085,11.085,0.466,1,0,75708.0
25003,25011,1518.3303,1518.3303,0.466,1,0,54138.0
25003,25013,80.9563,80.9563,0.466,1,0,53181.0
25003,25015,98.727,98.727,0.466,1,0,40058.0
25003,25027,417.0,417.0,0.466,1,0,102131.0
25003,36083,2038.5883,2038.5883,0.466,1,0,42489.0
25005,25021,238.5868,238.5868,0.466,1,0,41083.0
25005,25023,50.886,50.886,0.466,1,0,32805.0
25005,25027,420.0613,420.0613,0.466,1,0,91112.0
25005,44001,10.555,10.555,0.466,1,0,11223.0
25005,44005,69.6562,69.6562,0.466,1,0,25062.0
25005,44007,365.9544,365.9544,0.466,1,0,33523.0
25007,25019,8.189,8.189,0.466,1,0,50809.0
25009,25017,1787.2245,1787.2245,0.466,1,0,37815.0
25009,25025,24.6601,24.6601,0.466,1,0,36510.0
25011,25013,1430.0,1430.0,0.466,1,0,38965.0
25011,25015,205.8343,205.8343,0.466,1,0,20772.0
25011,25027,157.9481,157.9481,0.466,1,0,52433.0
25013,25015,245.4984,245.4984,0.466,1,0,23050.0
25013,25027,1355.3005,1355.3005,0.466,1,0,59292.0
25015,25027,43.3538,43.3538,0.466,1,0,62138.0
25017,25021,266.652,266.652,0.466,1,0,33060.0
25017,25025,740.0329,740.0329,0.466,1,0,22204.0
25017,25027,4089.0312,4089.0312,0.466,1,0,55692.0
25021,25023,707.7922,707.7922,0.466,1,0,35289.0
25021,25025,660.4772,660.4772,0.466,1,0,23436.0
25021,25027,2477.9142,2477.9142,0.466,1,0,66336.0
25021,44007,215.8009,215.8009,0.466,1,0,43916.0
25023,25027,829.8327,829.8327,0.466,1,0,100744.0
25027,44007,1462.1019,1462.1019,0.466,1,0,64136.0
34001,34007,650.0,650.0,0.466,1,0,41734.0
34001,34009,273.6976,273.6976,0.466,1,0,43852.0
34001,34011,764.3139,764.3139,0.466,1,0,40920.0
34001,34015,12.7208,12.7208,0.466,1,0,44976.0
34001,34029,554.3139,554.3139,0.466,1,0,51312.0
34003,34013,374.5594,374.5594,0.466,1,0,25329.0
34003,34017,1127.5033,1127.5033,0.466,1,0,23755.0
34003,34031,577.0517,577.0517,0.466,1,0,24638.0
34003,36087,1263.8473,1263.8473,0.466,1,0,24054.0
34005,34007,2463.7415,2463.7415,0.466,1,0,27225.0
34005,34029,467.5273,467.5273,0.466,1,0,36551.0
34005,42017,603.6201,603.6201,0.466,1,0,63936.0
34005,42101,4.6606,4.6606,0.466,1,0,41885.0
34007,34011,1074.3179,1074.3179,0.466,1,0,49059.0
34007,34015,640.7162,640.7162,0.466,1,0,17379.0
34007,34021,2656.0,2656.0,0.466,1,0,59345.0
34007,34033,1835.5784,1835.5784,0.466,1,0,36281.0
34007,42101,760.0087,760.0087,0.466,1,0,25719.0
34009,34011,366.8254,366.8254,0.466,1,0,39183.0
34011,34015,165.9573,165.9573,0.466,1,0,36543.0
34011,34033,1655.8347,1655.8347,0.466,1,0,29328.0
34013,34017,780.5437,780.5437,0.466,1,0,16966.0
34013,34023,369.08,369.08,0.466,1,0,42387.0
34013,34027,1605.4117,1605.4117,0.466,1,0,27739.0
34013,34031,1458.1715,1458.1715,0.466,1,0,24585.0
34013,34035,335.8729,335.8729,0.466,1,0,40389.0
34013,34037,2650.0,2650.0,0.466,1,0,52807.0
34013,34039,970.6991,970.6991,0.466,1,0,14374.0
34015,34033,438.1941,438.1941,0.466,1,0,18903.0
34015,42045,448.651,448.651,0.466,1,0,32634.0
34017,34039,980.3322,980.3322,0.466,1,0,18870.0
34017,36047,1612.0,1612.0,0.466,1,0,13957.0
34017,36061,684.0,684.0,0.466,1,0,11910.0
34019,34021,181.3231,181.3231,0.466,1,0,36901.0
34019,34027,1024.6216,1024.6216,0.466,1,0,44610.0
34019,34035,279.7545,279.7545,0.466,1,0,24265.0
34019,34041,713.4009,713.4009,0.466,1,0,31344.0
34019,42017,1127.5913,1127.5913,0.466,1,0,31851.0
34019,42095,117.354,117.354,0.466,1,0,46148.0
34021,34023,2847.6584,2847.6584,0.466,1,0,29051.0
34021,34025,543.8191,543.8191,0.466,1,0,41874.0
34021,34035,1.3911,1.3911,0.466,1,0,32045.0
34021,42017,424.0471,424.0471,0.466,1,0,38150.0
34023,34025,1911.0382,1911.0382,0.466,1,0,24632.0
34023,34035,4842.1731,4842.1731,0.466,1,0,24220.0
34023,34039,1694.4101,1694.4101,0.466,1,0,28365.0
34023,36085,30.7418,30.7418,0.466,1,0,27081.0
34025,34029,1208.3389,1208.3389,0.466,1,0,49781.0
34027,34031,66.0947,66.0947,0.466,1,0,27147.0
34027,34035,1144.0925,1144.0925,0.466,1,0,33903.0
34027,34037,389.7493,389.7493,0.466,1,0,31014.0
34027,34039,116.7696,116.7696,0.466,1,0,33451.0
34027,34041,850.7878,850.7878,0.466,1,0,32949.0
34027,42095,277.8819,277.8819,0.466,1,0,71000.0
34031,36087,23.0,23.0,0.466,1,0,26758.0
34035,34037,2654.0,2654.0,0.466,1,0,62837.0
34035,34039,16.5468,16.5468,0.466,1,0,31725.0
34035,42077,2939.0,2939.0,0.466,1,0,80910.0
34035,42091,2677.0,2677.0,0.466,1,0,73800.0
34037,34041,732.1005,732.1005,0.466,1,0,38423.0
34037,36071,92.0,92.0,0.466,1,0,42437.0
34037,36087,1048.0,1048.0,0.466,1,0,54069.0
34037,42069,2343.9127,2343.9127,0.466,1,0,84280.0
34039,36085,435.7545,435.7545,0.466,1,0,14955.0
34041,42089,653.0,653.0,0.466,1,0,35127.0
34041,42095,1420.3816,1420.3816,0.466,1,0,38312.0
36001,36021,141.7548,141.7548,0.466,1,0,49808.0
36001,36039,2740.4244,2740.4244,0.466,1,0,39518.0
36001,36065,1927.1921,1927.1921,0.466,1,0,141836.0
36001,36083,1560.3374,1560.3374,0.466,1,0,41312.0
36001,36091,130.3175,130.3175,0.466,1,0,53483.0
36001,36093,354.7406,354.7406,0.466,1,0,24507.0
36001,36095,480.2828,480.2828,0.466,1,0,37532.0
36003,36009,187.0497,187.0497,0.466,1,0,54700.0
36003,36051,125.0,125.0,0.466,1,0,56752.0
36003,36101,87.5857,87.5857,0.466,1,0,50016.0
36003,36121,66.3628,66.3628,0.466,1,0,51705.0
36005,36081,1702.856,1702.856,0.466,1,0,20681.0
36005,36119,2060.6793,2060.6793,0.466,1,0,30859.0
36007,36015,926.0,926.0,0.466,1,0,74532.0
36007,36017,59.2531,59.2531,0.466,1,0,34788.0
36007,36023,1071.6384,1071.6384,0.466,1,0,47690.0
36007,36025,1267.9486,1267.9486,0.466,1,0,75363.0
36007,36107,156.2719,156.2719,0.466,1,0,37016.0
36007,42115,65.9562,65.9562,0.466,1,0,43828.0
36009,36013,99.1486,99.1486,0.466,1,0,58381.0
36009,36029,464.6519,464.6519,0.466,1,0,51606.0
36009,36121,102.2859,102.2859,0.466,1,0,58471.0
36009,42083,605.0,605.0,0.466,1,0,58414.0
36011,36023,7.7447,7.7447,0.466,1,0,63113.0
36011,36067,218.5979,218.5979,0.466,1,0,32472.0
36011,36099,7.0179,7.0179,0.466,1,0,33585.0
36011,36109,72.4933,72.4933,0.466,1,0,64594.0
36011,36117,49.9855,49.9855,0.466,1,0,39535.0
36013,36029,1140.4105,1140.4105,0.466,1,0,80493.0
36013,42049,475.0,475.0,0.466,1,0,56856.0
36013,42123,116.0,116.0,0.466,1,0,53433.0
36015,36097,123.1878,123.1878,0.466,1,0,29196.0
36015,36101,375.1446,375.1446,0.466,1,0,56443.0
36015,36107,175.3797,175.3797,0.466,1,0,37765.0
36015,42015,403.5358,403.5358,0.466,1,0,46543.0
36015,42117,926.0,926.0,0.466,1,0,58845.0
36017,36023,29.6544,29.6544,0.466,1,0,38867.0
36017,36025,28.1472,28.1472,0.466,1,0,65194.0
36017,36053,24.5356,24.5356,0.466,1,0,53258.0
36017,36077,35.1054,35.1054,0.466,1,0,55153.0
36019,36031,37.1301,37.1301,0.466,1,0,63897.0
36019,36033,796.2474,796.2474,0.466,1,0,49176.0
36021,36027,235.0688,235.0688,0.466,1,0,54240.0
36021,36039,224.559,224.559,0.466,1,0,40499.0
36021,36083,172.0523,172.0523,0.466,1,0,53813.0
36023,36053,38.3875,38.3875,0.466,1,0,47113.0
36023,36067,955.5553,955.5553,0.466,1,0,47365.0
36023,36107,2.5332,2.5332,0.466,1,0,48694.0
36023,36109,142.3988,142.3988,0.466,1,0,37322.0
36025,36039,4.7103,4.7103,0.466,1,0,68088.0
36025,36065,1500.2499,1500.2499,0.466,1,0,126334.0
36025,36077,105.1532,105.1532,0.466,1,0,48336.0
36025,36095,1428.0,1428.0,0.466,1,0,62558.0
36025,36105,2417.7111,2417.7111,0.466,1,0,52910.0
36025,36111,7.9993,7.9993,0.466,1,0,69896.0
36027,36039,2688.1589,2688.1589,0.466,1,0,66857.0
36027,36071,2159.5063,2159.5063,0.466,1,0,65011.0
36027,36079,3793.9534,3793.9534,0.466,1,0,37611.0
36027,36111,242.9759,242.9759,0.466,1,0,41626.0
36027,36119,2435.8189,2435.8189,0.466,1,0,71061.0
36029,36037,92.2281,92.2281,0.466,1,0,46677.0
36029,36063,1235.4216,1235.4216,0.466,1,0,48142.0
36029,36121,468.825,468.825,0.466,1,0,38221.0
36031,36033,0.1326,0.1326,0.466,1,0,61407.0
36031,36041,0.7143,0.7143,0.466,1,0,78729.0
36031,36115,63.7,63.7,0.466,1,0,89448.0
36033,36089,737.5051,737.5051,0.466,1,0,72090.0
36035,36041,4.2953,4.2953,0.466,1,0,62370.0
36035,36043,105.0449,105.0449,0.466,1,0,55439.0
36035,36057,253.5639,253.5639,0.466,1,0,25162.0
36037,36051,130.2767,130.2767,0.466,1,0,44344.0
36037,36055,120.0707,120.0707,0.466,1,0,44295.0
36037,36063,140.8436,140.8436,0.466,1,0,51282.0
36037,36073,26.7906,26.7906,0.466,1,0,29374.0
36037,36121,10.2827,10.2827,0.466,1,0,33403.0
36039,36095,787.9367,787.9367,0.466,1,0,42900.0
36039,36111,1526.9173,1526.9173,0.466,1,0,44947.0
36041,36043,5.5714,5.5714,0.466,1,0,43291.0
36041,36113,1.8767,1.8767,0.466,1,0,52289.0
36043,36049,49.0,49.0,0.466,1,0,60773.0
36043,36053,6.7968,6.7968,0.466,1,0,85977.0
36043,36057,65.8394,65.8394,0.466,1,0,74839.0
36043,36065,313.7731,313.7731,0.466,1,0,51432.0
36043,36077,75.7003,75.7003,0.466,1,0,94970.0
36045,36049,172.0075,172.0075,0.466,1,0,33590.0
36045,36075,230.3791,230.3791,0.466,1,0,74731.0
36047,36059,1254.8708,1254.8708,0.466,1,0,32784.0
36047,36061,1977.838,1977.838,0.466,1,0,15137.0
36047,36081,1966.8219,1966.8219,0.466,1,0,12391.0
36047,36085,605.2193,605.2193,0.466,1,0,19491.0
36049,36065,733.4244,733.4244,0.466,1,0,66665.0
36049,36089,399.5469,399.5469,0.466,1,0,80557.0
36051,36055,267.0898,267.0898,0.466,1,0,47754.0
36051,36069,66.6868,66.6868,0.466,1,0,41640.0
36051,36101,501.182,501.182,0.466,1,0,56984.0
36051,36121,402.736,402.736,0.466,1,0,35201.0
36053,36065,176.1869,176.1869,0.466,1,0,37738.0
36053,36067,84.8317,84.8317,0.466,1,0,39717.0
36055,36063,1143.5061,1143.5061,0.466,1,0,86897.0
36055,36067,2386.6316,2386.6316,0.466,1,0,121328.0
36055,36069,88.273,88.273,0.466,1,0,50708.0
36055,36073,53.5468,53.5468,0.466,1,0,45609.0
36055,36117,205.246,205.246,0.466,1,0,52297.0
36057,36091,4.1429,4.1429,0.466,1,0,50737.0
36057,36093,228.621,228.621,0.466,1,0,31805.0
36057,36095,51.1456,51.1456,0.466,1,0,35064.0
36059,36081,287.1757,287.1757,0.466,1,0,20614.0
36059,36103,822.0802,822.0802,0.466,1,0,57601.0
36059,36119,1031.0573,1031.0573,0.466,1,0,45365.0
36061,36081,123.2813,123.2813,0.466,1,0,18477.0
36061,36119,1577.7539,1577.7539,0.466,1,0,39197.0
36063,36073,142.0576,142.0576,0.466,1,0,43173.0
36065,36067,1511.167,1511.167,0.466,1,0,62250.0
36065,36075,1011.6912,1011.6912,0.466,1,0,61864.0
36065,36077,2.4261,2.4261,0.466,1,0,81174.0
36065,36089,369.08,369.08,0.466,1,0,145367.0
36065,36093,880.0,880.0,0.466,1,0,126480.0
36065,36105,1965.8572,1965.8572,0.466,1,0,179026.0
36067,36069,62.8881,62.8881,0.466,1,0,91060.0
36067,36075,1326.2804,1326.2804,0.466,1,0,45609.0
36067,36099,46.9742,46.9742,0.466,1,0,59590.0
36069,36099,89.7246,89.7246,0.466,1,0,34703.0
36069,36101,6.2234,6.2234,0.466,1,0,58165.0
36069,36117,156.5902,156.5902,0.466,1,0,45183.0
36069,36123,64.6111,64.6111,0.466,1,0,24591.0
36071,36087,3819.9534,3819.9534,0.466,1,0,34175.0
36071,36105,3413.8683,3413.8683,0.466,1,0,52726.0
36071,36111,1459.7901,1459.7901,0.466,1,0,55576.0
36077,36095,13.0,13.0,0.466,1,0,45440.0
36079,36119,4843.4762,4843.4762,0.466,1,0,33452.0
36083,36091,351.2723,351.2723,0.466,1,0,50723.0
36083,36093,443.0,443.0,0.466,1,0,47168.0
36083,36115,9.6264,9.6264,0.466,1,0,73607.0
36087,36119,3126.3058,3126.3058,0.466,1,0,23182.0
36091,36093,475.3527,475.3527,0.466,1,0,32796.0
36091,36113,323.0171,323.0171,0.466,1,0,47529.0
36091,36115,101.7115,101.7115,0.466,1,0,46353.0
36093,36095,25.0575,25.0575,0.466,1,0,41345.0
36097,36101,60.3373,60.3373,0.466,1,0,44283.0
36097,36109,110.6062,110.6062,0.466,1,0,35280.0
36097,36123,67.8949,67.8949,0.466,1,0,31612.0
36099,36109,2.0403,2.0403,0.466,1,0,48891.0
36099,36117,7.0774,7.0774,0.466,1,0,45906.0
36099,36123,1.6005,1.6005,0.466,1,0,29012.0
36101,36123,5.262,5.262,0.466,1,0,42903.0
36105,36111,73.7864,73.7864,0.466,1,0,51774.0
36107,36109,2.0309,2.0309,0.466,1,0,29962.0
36107,42015,89.7446,89.7446,0.466,1,0,50895.0
36113,36115,115.2277,115.2277,0.466,1,0,41449.0
42001,42041,47.1572,47.1572,0.466,1,0,28108.0
42001,42055,6.7395,6.7395,0.466,1,0,42746.0
42001,42063,2656.0,2656.0,0.466,1,0,178891.0
42001,42133,292.4473,292.4473,0.466,1,0,42140.0
42003,42005,223.8696,223.8696,0.466,1,0,65115.0
42003,42007,1291.0423,1291.0423,0.466,1,0,37597.0
42003,42019,330.9944,330.9944,0.466,1,0,53883.0
42003,42125,390.4844,390.4844,0.466,1,0,31455.0
42003,42129,726.2222,726.2222,0.466,1,0,53328.0
42005,42019,2665.8625,2665.8625,0.466,1,0,40563.0
42005,42031,206.5475,206.5475,0.466,1,0,39919.0
42005,42061,483.0396,483.0396,0.466,1,0,128325.0
42005,42063,4074.8046,4074.8046,0.466,1,0,37792.0
42005,42099,2656.0,2656.0,0.466,1,0,190651.0
42005,42121,1076.1128,1076.1128,0.466,1,0,65768.0
42005,42129,136.266,136.266,0.466,1,0,53950.0
42007,42019,2956.1892,2956.1892,0.466,1,0,44231.0
42007,42073,346.3639,346.3639,0.466,1,0,36233.0
42009,42013,124.7839,124.7839,0.466,1,0,53025.0
42009,42061,137.0,137.0,0.466,1,0,55714.0
42009,42111,110.2997,110.2997,0.466,1,0,47691.0
42011,42071,412.2781,412.2781,0.466,1,0,50014.0
42011,42075,479.1132,479.1132,0.466,1,0,44136.0
42011,42077,864.205,864.205,0.466,1,0,36634.0
42011,42091,42.2497,42.2497,0.466,1,0,52270.0
42011,42107,11.1281,11.1281,0.466,1,0,40373.0
42013,42021,536.7196,536.7196,0.466,1,0,32500.0
42013,42027,137.0,137.0,0.466,1,0,70210.0
42013,42061,432.51,432.51,0.466,1,0,27274.0
42015,42081,480.1117,480.1117,0.466,1,0,66716.0
42015,42113,4.1288,4.1288,0.466,1,0,37071.0
42015,42115,555.4818,555.4818,0.466,1,0,59080.0
42015,42117,72.3253,72.3253,0.466,1,0,61266.0
42017,42077,728.4456,728.4456,0.466,1,0,49084.0
42017,42091,348.8126,348.8126,0.466,1,0,23706.0
42017,42095,20.0967,20.0967,0.466,1,0,52538.0
42017,42101,435.2642,435.2642,0.466,1,0,36133.0
42019,42031,93.6343,93.6343,0.466,1,0,51904.0
42019,42073,13.6355,13.6355,0.466,1,0,35911.0
42019,42085,93.3746,93.3746,0.466,1,0,50032.0
42021,42063,1245.5789,1245.5789,0.466,1,0,35030.0
42021,42111,84.2351,84.2351,0.466,1,0,59753.0
42023,42047,45.3394,45.3394,0.466,1,0,46106.0
42023,42105,1.931,1.931,0.466,1,0,45812.0
42025,42079,205.7332,205.7332,0.466,1,0,30853.0
42025,42095,196.1891,196.1891,0.466,1,0,35729.0
42027,42033,900.9151,900.9151,0.466,1,0,53587.0
42027,42035,3.9476,3.9476,0.466,1,0,31583.0
42027,42061,27.0,27.0,0.466,1,0,66529.0
42027,42087,500.5385,500.5385,0.466,1,0,43061.0
42029,42045,401.9969,401.9969,0.466,1,0,28821.0
42029,42071,242.3274,242.3274,0.466,1,0,44789.0
42029,42091,425.4213,425.4213,0.466,1,0,39168.0
42029,42133,423.8114,423.8114,0.466,1,0,87905.0
42031,42047,53.1472,53.1472,0.466,1,0,61393.0
42031,42053,6.7693,6.7693,0.466,1,0,35250.0
42031,42065,112.745,112.745,0.466,1,0,36839.0
42031,42121,83.2621,83.2621,0.466,1,0,33020.0
42033,42035,276.3119,276.3119,0.466,1,0,73334.0
42033,42047,694.634,694.634,0.466,1,0,53855.0
42033,42063,175.0,175.0,0.466,1,0,66930.0
42033,42065,59.0385,59.0385,0.466,1,0,50081.0
42035,42081,308.9555,308.9555,0.466,1,0,49253.0
42035,42087,0.0784,0.0784,0.466,1,0,68683.0
42035,42119,4.1337,4.1337,0.466,1,0,55337.0
42037,42079,5.0556,5.0556,0.466,1,0,39541.0
42037,42093,417.4844,417.4844,0.466,1,0,22306.0
42037,42097,1.7233,1.7233,0.466,1,0,29860.0
42037,42107,424.33,424.33,0.466,1,0,41080.0
42037,42109,5.2954,5.2954,0.466,1,0,67138.0
42039,42049,1175.838,1175.838,0.466,1,0,44039.0
42039,42085,5.5116,5.5116,0.466,1,0,44759.0
42039,42121,1152.9517,1152.9517,0.466,1,0,40566.0
42041,42043,119.3056,119.3056,0.466,1,0,49609.0
42041,42055,133.3752,133.3752,0.466,1,0,36154.0
42041,42099,305.6877,305.6877,0.466,1,0,30251.0
42041,42133,197.6419,197.6419,0.466,1,0,52376.0
42043,42071,2141.9443,2141.9443,0.466,1,0,65798.0
42043,42075,438.1558,438.1558,0.466,1,0,32957.0
42043,42099,2666.981,2666.981,0.466,1,0,36626.0
42043,42107,36.17,36.17,0.466,1,0,67870.0
42043,42133,3189.5768,3189.5768,0.466,1,0,47252.0
42045,42091,38.0174,38.0174,0.466,1,0,31067.0
42045,42101,731.8316,731.8316,0.466,1,0,21748.0
42047,42065,115.124,115.124,0.466,1,0,36318.0
42047,42083,62.0355,62.0355,0.466,1,0,44147.0
42047,42123,499.0,499.0,0.466,1,0,61990.0
42049,42123,382.5215,382.5215,0.466,1,0,66935.0
42051,42059,3577.0818,3577.0818,0.466,1,0,48876.0
42051,42111,2.3617,2.3617,0.466,1,0,52961.0
42051,42125,366.4853,366.4853,0.466,1,0,58497.0
42051,42129,3298.2553,3298.2553,0.466,1,0,52822.0
42055,42057,12.7088,12.7088,0.466,1,0,33726.0
42055,42061,131.0,131.0,0.466,1,0,52943.0
42059,42125,143.1939,143.1939,0.466,1,0,38325.0
42061,42063,483.6919,483.6919,0.466,1,0,92221.0
42061,42067,146.5306,146.5306,0.466,1,0,47065.0
42061,42087,430.2695,430.2695,0.466,1,0,40606.0
42063,42065,112.7857,112.7857,0.466,1,0,56288.0
42063,42083,605.0,605.0,0.466,1,0,134305.0
42063,42099,2477.9342,2477.9342,0.466,1,0,156390.0
42063,42111,157.1842,157.1842,0.466,1,0,71056.0
42063,42117,973.2436,973.2436,0.466,1,0,198247.0
42063,42129,3684.3837,3684.3837,0.466,1,0,39631.0
42067,42087,154.4104,154.4104,0.466,1,0,18487.0
42067,42099,2.8942,2.8942,0.466,1,0,21294.0
42069,42079,2522.5979,2522.5979,0.466,1,0,37318.0
42069,42103,187.4697,187.4697,0.466,1,0,49601.0
42069,42127,9.6537,9.6537,0.466,1,0,39394.0
42069,42131,308.2501,308.2501,0.466,1,0,33277.0
42071,42077,1954.0371,1954.0371,0.466,1,0,85187.0
42071,42091,2338.0,2338.0,0.466,1,0,77070.0
42071,42133,2857.4936,2857.4936,0.466,1,0,43597.0
42073,42085,928.94,928.94,0.466,1,0,33979.0
42077,42079,1217.1447,1217.1447,0.466,1,0,70059.0
42077,42091,2920.0,2920.0,0.466,1,0,47029.0
42077,42095,735.7964,735.7964,0.466,1,0,22821.0
42077,42099,1984.5092,1984.5092,0.466,1,0,144248.0
42079,42089,95.1848,95.1848,0.466,1,0,57422.0
42079,42093,267.8275,267.8275,0.466,1,0,61296.0
42079,42095,230.877,230.877,0.466,1,0,65471.0
42079,42107,2.8939,2.8939,0.466,1,0,52503.0
42079,42109,2198.5243,2198.5243,0.466,1,0,106493.0
42081,42093,948.7369,948.7369,0.466,1,0,46916.0
42081,42109,421.5,421.5,0.466,1,0,63111.0
42083,42105,36.5697,36.5697,0.466,1,0,55822.0
42083,42123,311.4145,311.4145,0.466,1,0,58354.0
42087,42099,493.0,493.0,0.466,1,0,38775.0
42089,42095,373.0139,373.0139,0.466,1,0,32418.0
42089,42103,290.29,290.29,0.466,1,0,39689.0
42091,42101,1328.2851,1328.2851,0.466,1,0,30236.0
42093,42097,647.0,647.0,0.466,1,0,15558.0
42095,42107,232.233,232.233,0.466,1,0,64318.0
42097,42107,156.3736,156.3736,0.466,1,0,48261.0
42097,42109,1951.3733,1951.3733,0.466,1,0,37747.0
42099,42109,2707.0,2707.0,0.466,1,0,42097.0
42105,42117,42.674,42.674,0.466,1,0,54357.0
42109,42119,13.0811,13.0811,0.466,1,0,24479.0
42111,42129,10.5336,10.5336,0.466,1,0,49320.0
42115,42131,564.3354,564.3354,0.466,1,0,37216.0
42125,42129,455.8838,455.8838,0.466,1,0,74299.0
44003,44007,162.9886,162.9886,0.466,1,0,21153.0
44003,44009,179.982,179.982,0.466,1,0,22446.0
