Technology,Cost,2020,2021,2022,2023,2024,2025,2026,2027,2028,2029,2030,2031,2032,2033,2034,2035,2036,2037,2038,2039,2040,2041,2042,2043,2044,2045,2046,2047,2048,2049,2050
Natural gas CC,Low,28,28,28,28,28,28,28,28,28,28,28,28,28,28,28,28,28,28,28,28,28,28,28,28,28,28,28,28,28,28,28
Natural gas CC,Mid,28,28,28,28,28,28,28,28,28,28,28,28,28,28,28,28,28,28,28,28,28,28,28,28,28,28,28,28,28,28,28
Natural gas CC,High,28,28,28,28,28,28,28,28,28,28,28,28,28,28,28,28,28,28,28,28,28,28,28,28,28,28,28,28,28,28,28
Natural gas CT,Low,21,21,21,21,21,21,21,21,21,21,21,21,21,21,21,21,21,21,21,21,21,21,21,21,21,21,21,21,21,21,21
Natural gas CT,Mid,21,21,21,21,21,21,21,21,21,21,21,21,21,21,21,21,21,21,21,21,21,21,21,21,21,21,21,21,21,21,21
Natural gas CT,High,21,21,21,21,21,21,21,21,21,21,21,21,21,21,21,21,21,21,21,21,21,21,21,21,21,21,21,21,21,21,21
Natural gas CC-CCS,Low,67,63,59,59,59,59,59,58,58,57,57,57,56,56,55,55,54,53,53,53,53,53,53,53,53,53,53,53,53,53,53
Natural gas CC-CCS,Mid,67,65,63,63,63,63,63,62,62,62,62,62,61,61,61,61,60,60,60,60,60,60,60,60,60,60,60,60,60,60,60
Natural gas CC-CCS,High,67,67,67,67,67,67,67,67,67,67,67,67,67,67,67,67,67,67,67,67,67,67,67,67,67,67,67,67,67,67,67
Coal IGCC,Low,74,74,74,74,74,73,72,71,70,69,69,68,67,66,66,66,66,66,66,66,66,66,66,66,66,66,66,66,66,66,66
Coal IGCC,Mid,74,74,74,74,74,73,73,72,72,72,71,71,70,70,70,70,70,70,70,70,70,70,70,70,70,70,70,70,70,70,70
Coal IGCC,High,74,74,74,74,74,74,74,74,74,74,74,74,74,74,74,74,74,74,74,74,74,74,74,74,74,74,74,74,74,74,74
Petroleum CT,Low,21,21,21,21,21,21,21,21,21,21,21,21,21,21,21,21,21,21,21,21,21,21,21,21,21,21,21,21,21,21,21
Petroleum CT,Mid,21,21,21,21,21,21,21,21,21,21,21,21,21,21,21,21,21,21,21,21,21,21,21,21,21,21,21,21,21,21,21
Petroleum CT,High,21,21,21,21,21,21,21,21,21,21,21,21,21,21,21,21,21,21,21,21,21,21,21,21,21,21,21,21,21,21,21
Geothermal,Low,141,140,139,138,137,136,135,134,133,132,131,131,131,131,131,131,131,131,131,131,131,131,131,131,131,131,131,131,131,131,131
Geothermal,Mid,141,140,139,138,138,137,136,135,134,133,132,132,132,132,132,132,132,132,132,132,132,132,132,132,132,132,132,132,132,132,132
Geothermal,High,141,141,141,141,141,141,141,141,141,141,141,141,141,141,141,141,141,141,141,141,141,141,141,141,141,141,141,141,141,141,141
Geothermal EGS,Low,208,196,184,173,161,149,138,126,114,103,91,91,91,91,91,91,91,91,91,91,91,91,91,91,91,91,91,91,91,91,91
Geothermal EGS,Mid,208,203,199,194,190,186,181,177,172,168,163,163,163,163,163,163,163,163,163,163,163,163,163,163,163,163,163,163,163,163,163
Geothermal EGS,High,208,208,208,208,208,208,208,208,208,208,208,208,208,208,208,208,208,208,208,208,208,208,208,208,208,208,208,208,208,208,208
Biopower,Low,151,151,151,151,151,151,151,151,151,151,151,151,151,151,151,151,151,151,151,151,151,151,151,151,151,151,151,151,151,151,151
Biopower,Mid,151,151,151,151,151,151,151,151,151,151,151,151,151,151,151,151,151,151,151,151,151,151,151,151,151,151,151,151,151,151,151
Biopower,High,151,151,151,151,151,151,151,151,151,151,151,151,151,151,151,151,151,151,151,151,151,151,151,151,151,151,151,151,151,151,151
Hydro,Low,119,119,119,119,119,119,119,119,119,119,113,113,113,113,113,113,113,113,113,113,103,103,103,103,103,103,103,103,103,103,103
Hydro,Mid,119,119,119,119,119,119,119,119,119,119,119,119,119,119,119,119,119,119,119,119,114,114,114,114,114,114,114,114,114,114,114
Hydro,High,119,119,119,119,119,119,119,119,119,119,119,119,119,119,119,119,119,119,119,119,119,119,119,119,119,119,119,119,119,119,119
Onshore wind,Low,43,42,41,40,40,39,38,37,36,35,34,34,33,33,32,32,31,31,30,30,29,29,28,28,27,27,26,26,25,25,24
Onshore wind,Mid,43,43,42,42,41,41,41,40,40,39,39,39,38,38,38,37,37,37,37,36,36,36,35,35,35,35,34,34,34,33,33
Onshore wind,High,43,43,43,43,43,43,43,43,43,43,43,43,43,43,43,43,42,42,42,42,42,42,42,42,42,42,41,41,41,41,41
Offshore wind,Low,130,112,102,94,89,84,80,76,73,71,68,66,64,62,60,59,57,56,54,53,52,50,49,48,47,46,45,44,43,42,42
Offshore wind,Mid,130,112,102,94,89,84,80,76,73,71,68,66,64,62,60,59,57,56,54,53,52,50,49,48,47,46,45,44,43,42,42
Offshore wind,High,130,112,102,94,89,84,80,76,73,71,68,66,64,62,60,59,57,56,54,53,52,50,49,48,47,46,45,44,43,42,42
Solar,Low,23,21,20,19,18,17,16,16,15,14,13,13,13,13,13,13,13,12,12,12,12,12,12,12,12,11,11,11,11,11,11
Solar,Mid,23,21,20,19,19,18,18,17,16,16,15,15,15,15,15,15,15,15,14,14,14,14,14,14,14,14,14,14,13,13,13
Solar,High,23,21,20,20,20,20,20,20,20,20,20,20,19,19,19,19,19,18,18,18,18,17,17,17,17,16,16,16,16,15,15
Nuclear,Low,146,146,146,146,146,146,146,146,146,146,146,146,146,146,146,146,146,146,146,146,146,146,146,146,146,146,146,146,146,146,146
Nuclear,Mid,146,146,146,146,146,146,146,146,146,146,146,146,146,146,146,146,146,146,146,146,146,146,146,146,146,146,146,146,146,146,146
Nuclear,High,146,146,146,146,146,146,146,146,146,146,146,146,146,146,146,146,146,146,146,146,146,146,146,146,146,146,146,146,146,146,146
Rondo heat,Low,0,0,0,0,0,0,0,0,0,0,0,0,0,0,0,0,0,0,0,0,0,0,0,0,0,0,0,0,0,0,0
Rondo heat,Mid,0,0,0,0,0,0,0,0,0,0,0,0,0,0,0,0,0,0,0,0,0,0,0,0,0,0,0,0,0,0,0
Rondo heat,High,0,0,0,0,0,0,0,0,0,0,0,0,0,0,0,0,0,0,0,0,0,0,0,0,0,0,0,0,0,0,0
Hydrogen heat,Low,0,0,0,0,0,0,0,0,0,0,0,0,0,0,0,0,0,0,0,0,0,0,0,0,0,0,0,0,0,0,0
Hydrogen heat,Mid,0,0,0,0,0,0,0,0,0,0,0,0,0,0,0,0,0,0,0,0,0,0,0,0,0,0,0,0,0,0,0
Hydrogen heat,High,0,0,0,0,0,0,0,0,0,0,0,0,0,0,0,0,0,0,0,0,0,0,0,0,0,0,0,0,0,0,0
Underground gas storage,Low,10,10,10,10,10,10,10,10,10,10,10,10,10,10,10,10,10,10,10,10,10,10,10,10,10,10,10,10,10,10,10
Underground gas storage,Mid,10,10,10,10,10,10,10,10,10,10,10,10,10,10,10,10,10,10,10,10,10,10,10,10,10,10,10,10,10,10,10
Underground gas storage,High,10,10,10,10,10,10,10,10,10,10,10,10,10,10,10,10,10,10,10,10,10,10,10,10,10,10,10,10,10,10,10
LNG peak shaving,Low,10,10,10,10,10,10,10,10,10,10,10,10,10,10,10,10,10,10,10,10,10,10,10,10,10,10,10,10,10,10,10
LNG peak shaving,Mid,10,10,10,10,10,10,10,10,10,10,10,10,10,10,10,10,10,10,10,10,10,10,10,10,10,10,10,10,10,10,10
LNG peak shaving,High,10,10,10,10,10,10,10,10,10,10,10,10,10,10,10,10,10,10,10,10,10,10,10,10,10,10,10,10,10,10,10
Electric boiler,Low,10,10,10,9.9,9.9,9.8,9.8,9.8,9.7,9.7,9.7,9.6,9.6,9.6,9.5,9.5,9.5,9.4,9.4,9.4,9.3,9.3,9.3,9.2,9.2,9.2,9.1,9.1,9.1,9.0,9.0
Electric boiler,Mid,10,10,10,9.9,9.9,9.8,9.8,9.8,9.7,9.7,9.7,9.6,9.6,9.6,9.5,9.5,9.5,9.4,9.4,9.4,9.3,9.3,9.3,9.2,9.2,9.2,9.1,9.1,9.1,9.0,9.0
Electric boiler,High,10,10,10,9.9,9.9,9.8,9.8,9.8,9.7,9.7,9.7,9.6,9.6,9.6,9.5,9.5,9.5,9.4,9.4,9.4,9.3,9.3,9.3,9.2,9.2,9.2,9.1,9.1,9.1,9.0,9.0
Li-ion battery,Low,40,40,45,32,30,29,28,26,25,24,23,22,22,21,21,21,20,20,19,19,19,18,18,17,17,17,16,16,15,15,15
Li-ion battery,Mid,40,40,45,43,41,36,35,34,32,31,30,30,29,29,28,28,27,27,26,26,25,25,25,24,24,23,23,22,22,21,21
Li-ion battery,High,40,40,45,46,47,46,44,42,41,39,37,37,37,37,36,36,36,36,35,35,35,35,34,34,34,33,33,33,33,32,32
Long-duration storage,Low,84,81,78,76,73,70,67,64,61,58,56,55,55,55,54,54,54,53,53,53,52,52,52,51,51,51,51,50,50,50,49
Long-duration storage,Mid,84,81,78,76,73,70,67,64,61,58,56,55,55,55,54,54,54,53,53,53,52,52,52,51,51,51,51,50,50,50,49
Long-duration storage,High,84,81,78,76,73,70,67,64,61,58,56,55,55,55,54,54,54,53,53,53,52,52,52,51,51,51,51,50,50,50,49
Multi-day storage,Low,40,40,45,32,30,29,28,26,25,24,23,22,22,21,21,21,20,20,19,19,19,18,18,17,17,17,16,16,15,15,15
Multi-day storage,Mid,40,40,45,43,41,36,35,34,32,31,30,30,29,29,28,28,27,27,26,26,25,25,25,24,24,23,23,22,22,21,21
Multi-day storage,High,40,40,45,46,47,46,44,42,41,39,37,37,37,37,36,36,36,36,35,35,35,35,34,34,34,33,33,33,33,32,32
Pumped hydro storage,Low,19,19,19,19,19,19,19,19,19,19,19,19,19,19,19,19,19,19,19,19,19,19,19,19,19,19,19,19,19,19,19
Pumped hydro storage,Mid,19,19,19,19,19,19,19,19,19,19,19,19,19,19,19,19,19,19,19,19,19,19,19,19,19,19,19,19,19,19,19
Pumped hydro storage,High,19,19,19,19,19,19,19,19,19,19,19,19,19,19,19,19,19,19,19,19,19,19,19,19,19,19,19,19,19,19,19
Electrolysis,Low,71,68,66,63,60,57,54,51,48,46,43,42,42,42,41,41,41,41,40,40,40,39,39,39,38,38,38,37,37,37,36
Electrolysis,Mid,71,68,66,63,60,57,54,51,48,46,43,42,42,42,41,41,41,41,40,40,40,39,39,39,38,38,38,37,37,37,36
Electrolysis,High,71,68,66,63,60,57,54,51,48,46,43,42,42,42,41,41,41,41,40,40,40,39,39,39,38,38,38,37,37,37,36
Net-zero CH4,Low,71,68,66,63,60,57,54,51,48,46,43,42,42,42,41,41,41,41,40,40,40,39,39,39,38,38,38,37,37,37,36
Net-zero CH4,Mid,71,68,66,63,60,57,54,51,48,46,43,42,42,42,41,41,41,41,40,40,40,39,39,39,38,38,38,37,37,37,36
Net-zero CH4,High,71,68,66,63,60,57,54,51,48,46,43,42,42,42,41,41,41,41,40,40,40,39,39,39,38,38,38,37,37,37,36
Biomethane,Low,448,448,448,448,448,448,448,448,448,448,448,448,448,448,448,448,448,448,448,448,448,448,448,448,448,448,448,448,448,448,448
Biomethane,Mid,448,448,448,448,448,448,448,448,448,448,448,448,448,448,448,448,448,448,448,448,448,448,448,448,448,448,448,448,448,448,448
Biomethane,High,448,448,448,448,448,448,448,448,448,448,448,448,448,448,448,448,448,448,448,448,448,448,448,448,448,448,448,448,448,448,448
hot_water_natural_gas,Low,0,0,0,0,0,0,0,0,0,0,0,0,0,0,0,0,0,0,0,0,0,0,0,0,0,0,0,0,0,0,0
hot_water_natural_gas,Mid,0,0,0,0,0,0,0,0,0,0,0,0,0,0,0,0,0,0,0,0,0,0,0,0,0,0,0,0,0,0,0
hot_water_natural_gas,High,0,0,0,0,0,0,0,0,0,0,0,0,0,0,0,0,0,0,0,0,0,0,0,0,0,0,0,0,0,0,0
hot_water_electricity,Low,0,0,0,0,0,0,0,0,0,0,0,0,0,0,0,0,0,0,0,0,0,0,0,0,0,0,0,0,0,0,0
hot_water_electricity,Mid,0,0,0,0,0,0,0,0,0,0,0,0,0,0,0,0,0,0,0,0,0,0,0,0,0,0,0,0,0,0,0
hot_water_electricity,High,0,0,0,0,0,0,0,0,0,0,0,0,0,0,0,0,0,0,0,0,0,0,0,0,0,0,0,0,0,0,0
hvac_natural_gas,Low,0,0,0,0,0,0,0,0,0,0,0,0,0,0,0,0,0,0,0,0,0,0,0,0,0,0,0,0,0,0,0
hvac_natural_gas,Mid,0,0,0,0,0,0,0,0,0,0,0,0,0,0,0,0,0,0,0,0,0,0,0,0,0,0,0,0,0,0,0
hvac_natural_gas,High,0,0,0,0,0,0,0,0,0,0,0,0,0,0,0,0,0,0,0,0,0,0,0,0,0,0,0,0,0,0,0
hvac_heat_pump,Low,0,0,0,0,0,0,0,0,0,0,0,0,0,0,0,0,0,0,0,0,0,0,0,0,0,0,0,0,0,0,0
hvac_heat_pump,Mid,0,0,0,0,0,0,0,0,0,0,0,0,0,0,0,0,0,0,0,0,0,0,0,0,0,0,0,0,0,0,0
hvac_heat_pump,High,0,0,0,0,0,0,0,0,0,0,0,0,0,0,0,0,0,0,0,0,0,0,0,0,0,0,0,0,0,0,0
range_oven_natural_gas,Low,0,0,0,0,0,0,0,0,0,0,0,0,0,0,0,0,0,0,0,0,0,0,0,0,0,0,0,0,0,0,0
range_oven_natural_gas,Mid,0,0,0,0,0,0,0,0,0,0,0,0,0,0,0,0,0,0,0,0,0,0,0,0,0,0,0,0,0,0,0
range_oven_natural_gas,High,0,0,0,0,0,0,0,0,0,0,0,0,0,0,0,0,0,0,0,0,0,0,0,0,0,0,0,0,0,0,0
range_oven_electricity,Low,0,0,0,0,0,0,0,0,0,0,0,0,0,0,0,0,0,0,0,0,0,0,0,0,0,0,0,0,0,0,0
range_oven_electricity,Mid,0,0,0,0,0,0,0,0,0,0,0,0,0,0,0,0,0,0,0,0,0,0,0,0,0,0,0,0,0,0,0
range_oven_electricity,High,0,0,0,0,0,0,0,0,0,0,0,0,0,0,0,0,0,0,0,0,0,0,0,0,0,0,0,0,0,0,0
hot_water_com_natural_gas,Low,0,0,0,0,0,0,0,0,0,0,0,0,0,0,0,0,0,0,0,0,0,0,0,0,0,0,0,0,0,0,0
hot_water_com_natural_gas,Mid,0,0,0,0,0,0,0,0,0,0,0,0,0,0,0,0,0,0,0,0,0,0,0,0,0,0,0,0,0,0,0
hot_water_com_natural_gas,High,0,0,0,0,0,0,0,0,0,0,0,0,0,0,0,0,0,0,0,0,0,0,0,0,0,0,0,0,0,0,0
hot_water_com_electricity,Low,0,0,0,0,0,0,0,0,0,0,0,0,0,0,0,0,0,0,0,0,0,0,0,0,0,0,0,0,0,0,0
hot_water_com_electricity,Mid,0,0,0,0,0,0,0,0,0,0,0,0,0,0,0,0,0,0,0,0,0,0,0,0,0,0,0,0,0,0,0
hot_water_com_electricity,High,0,0,0,0,0,0,0,0,0,0,0,0,0,0,0,0,0,0,0,0,0,0,0,0,0,0,0,0,0,0,0
heating_com_natural_gas,Low,0,0,0,0,0,0,0,0,0,0,0,0,0,0,0,0,0,0,0,0,0,0,0,0,0,0,0,0,0,0,0
heating_com_natural_gas,Mid,0,0,0,0,0,0,0,0,0,0,0,0,0,0,0,0,0,0,0,0,0,0,0,0,0,0,0,0,0,0,0
heating_com_natural_gas,High,0,0,0,0,0,0,0,0,0,0,0,0,0,0,0,0,0,0,0,0,0,0,0,0,0,0,0,0,0,0,0
heating_com_electricity,Low,0,0,0,0,0,0,0,0,0,0,0,0,0,0,0,0,0,0,0,0,0,0,0,0,0,0,0,0,0,0,0
heating_com_electricity,Mid,0,0,0,0,0,0,0,0,0,0,0,0,0,0,0,0,0,0,0,0,0,0,0,0,0,0,0,0,0,0,0
heating_com_electricity,High,0,0,0,0,0,0,0,0,0,0,0,0,0,0,0,0,0,0,0,0,0,0,0,0,0,0,0,0,0,0,0