NodeIn,NodeOut,Operator,MaxGas,Diameter,Distance,FrictionFactor,ExistingUnits,MaxNew,MaxCompression
34023,36059,Transcontinental Gas PL,50000,0.8,78626,0.01,1,0,2
25021,25025,Algonquin Gas Trans Co,50000,0.8,23436,0.01,1,0,2
25009,25025,Algonquin Gas Trans Co,50000,0.8,36510,0.01,1,0,2
25023,25009,Algonquin Gas Trans Co,50000,0.8,76171,0.01,1,0,2
25023,25025,Algonquin Gas Trans Co,50000,0.8,44607,0.01,1,0,2
25021,25023,Algonquin Gas Trans Co,50000,0.8,35289,0.01,1,0,2
25021,25009,Algonquin Gas Trans Co,50000,0.8,59666,0.01,1,0,2
36085,36047,Brooklyn Union Gas Co,50000,0.8,19491,0.01,1,0,2
34039,36085,Transcontinental Gas PL,50000,0.8,14955,0.01,1,0,2
36085,36047,Transcontinental Gas PL,50000,0.8,19491,0.01,1,0,2
34039,36047,Transcontinental Gas PL,50000,0.8,28263,0.01,1,0,2
42059,42125,Columbia Gas Trans Co,50000,0.8,38325,0.01,1,0,2
36005,36103,Iroquois Gas Trans Co,50000,0.8,80831,0.01,1,0,2
25017,25009,PNGTS/Maritimes & Northeast,50000,0.8,37815,0.01,1,0,2
36029,36063,Empire Pipeline,50000,0.8,48142,0.01,1,0,2
34039,36085,Texas Eastern Trans Co,50000,0.8,14955,0.01,1,0,2
36067,36053,Tennessee Gas Pipeline,50000,0.8,39717,0.01,1,0,2
36067,36075,Dominion Transmission Co,50000,0.8,45609,0.01,1,0,2
36067,36075,Empire Pipeline,50000,0.8,45609,0.01,1,0,2
36023,36067,Dominion Transmission Co,50000,0.8,47365,0.01,1,0,2
36011,36067,Dominion Transmission Co,50000,0.8,32472,0.01,1,0,2
36011,36067,Tennessee Gas Pipeline,50000,0.8,32472,0.01,1,0,2
36011,36067,Empire Pipeline,50000,0.8,32472,0.01,1,0,2
36071,36105,Columbia Gas Trans Co,50000,0.8,52726,0.01,1,0,2
36105,36071,Millennium Pipeline Co,50000,0.8,52726,0.01,1,0,2
42103,36071,Columbia Gas Trans Co,50000,0.8,60384,0.01,1,0,2
36071,42103,Millennium Pipeline Co,50000,0.8,60384,0.01,1,0,2
36071,36087,Columbia Gas Trans Co,50000,0.8,34175,0.01,1,0,2
36071,36087,Millennium Pipeline Co,50000,0.8,34175,0.01,1,0,2
25023,25001,Algonquin Gas Trans Co,50000,0.8,75708,0.01,1,0,2
25013,25015,Tennessee Gas Pipeline,50000,0.8,23050,0.01,1,0,2
09110,25013,Tennessee Gas Pipeline,50000,0.8,43006,0.01,1,0,2
25013,25027,Tennessee Gas Pipeline,50000,0.8,59292,0.01,1,0,2
25013,09160,Tennessee Gas Pipeline,50000,0.8,65178,0.01,1,0,2
25003,25013,Tennessee Gas Pipeline,50000,0.8,53181,0.01,1,0,2
34041,34019,Columbia Gas Trans Co,50000,0.8,31344,0.01,1,0,2
42095,34019,Columbia Gas Trans Co,50000,0.8,46148,0.01,1,0,2
42095,34041,Columbia Gas Trans Co,50000,0.8,38312,0.01,1,0,2
34041,34019,Transcontinental Gas PL,50000,0.8,31344,0.01,1,0,2
42095,34041,Transcontinental Gas PL,50000,0.8,38312,0.01,1,0,2
34005,34021,Transcontinental Gas PL,50000,0.8,46238,0.01,1,0,2
42101,34005,Transcontinental Gas PL,50000,0.8,41885,0.01,1,0,2
34007,34005,Transcontinental Gas PL,50000,0.8,27225,0.01,1,0,2
34007,42101,Transcontinental Gas PL,50000,0.8,25719,0.01,1,0,2
34035,34023,Texas Eastern Trans Co,50000,0.8,24220,0.01,1,0,2
34021,34023,Transcontinental Gas PL,50000,0.8,29051,0.01,1,0,2
34035,34023,Transcontinental Gas PL,50000,0.8,24220,0.01,1,0,2
34023,34027,Texas Eastern Trans Co,50000,0.8,50644,0.01,1,0,2
34023,34039,Texas Eastern Trans Co,50000,0.8,28365,0.01,1,0,2
34027,34039,Texas Eastern Trans Co,50000,0.8,33451,0.01,1,0,2
34023,34039,Transcontinental Gas PL,50000,0.8,28365,0.01,1,0,2
42045,34015,Transcontinental Gas PL,50000,0.8,32634,0.01,1,0,2
42029,42045,Columbia Gas Trans Co,50000,0.8,28821,0.01,1,0,2
42029,42045,Texas Eastern Trans Co,50000,0.8,28821,0.01,1,0,2
42029,42045,Transcontinental Gas PL,50000,0.8,28821,0.01,1,0,2
42045,42101,Texas Eastern Trans Co,50000,0.8,21748,0.01,1,0,2
42049,36013,National Fuel Gas Supply Co,50000,0.8,56856,0.01,1,0,2
42049,36013,National Fuel Gas Distr Co,50000,0.8,56856,0.01,1,0,2
42049,36013,Tennessee Gas Pipeline,50000,0.8,56856,0.01,1,0,2
42123,42049,National Fuel Gas Supply Co,50000,0.8,66935,0.01,1,0,2
42039,42049,National Fuel Gas Distr Co,50000,0.8,44039,0.01,1,0,2
42039,42049,Tennessee Gas Pipeline,50000,0.8,44039,0.01,1,0,2
42059,42051,Columbia Gas Trans Co,50000,0.8,48876,0.01,1,0,2
42059,42051,Texas Eastern Trans Co,50000,0.8,48876,0.01,1,0,2
42059,42125,Dominion Transmission Co,50000,0.8,38325,0.01,1,0,2
36053,36065,Dominion Transmission Co,50000,0.8,37738,0.01,1,0,2
36053,36065,Tennessee Gas Pipeline,50000,0.8,37738,0.01,1,0,2
36023,36053,Dominion Transmission Co,50000,0.8,47113,0.01,1,0,2
36065,36043,Tennessee Gas Pipeline,50000,0.8,51432,0.01,1,0,2
36077,36043,Tennessee Gas Pipeline,50000,0.8,94970,0.01,1,0,2
36065,36077,Tennessee Gas Pipeline,50000,0.8,81174,0.01,1,0,2
36051,36055,National Fuel Gas Distr Co,50000,0.8,47754,0.01,1,0,2
36051,36069,National Fuel Gas Distr Co,50000,0.8,41640,0.01,1,0,2
36051,36069,Tennessee Gas Pipeline,50000,0.8,41640,0.01,1,0,2
36121,36051,Dominion Transmission Co,50000,0.8,35201,0.01,1,0,2
36121,36051,National Fuel Gas Distr Co,50000,0.8,35201,0.01,1,0,2
36121,36051,Tennessee Gas Pipeline,50000,0.8,35201,0.01,1,0,2
36051,36037,Dominion Transmission Co,50000,0.8,44344,0.01,1,0,2
42133,42071,Columbia Gas Trans Co,50000,0.8,43597,0.01,1,0,2
42133,42071,Texas Eastern Trans Co,50000,0.8,43597,0.01,1,0,2
42133,42071,Transcontinental Gas PL,50000,0.8,43597,0.01,1,0,2
42071,42029,Columbia Gas Trans Co,50000,0.8,44789,0.01,1,0,2
42071,42029,Texas Eastern Trans Co,50000,0.8,44789,0.01,1,0,2
42071,42029,Transcontinental Gas PL,50000,0.8,44789,0.01,1,0,2
42099,42043,Texas Eastern Trans Co,50000,0.8,36626,0.01,1,0,2
42043,42075,Texas Eastern Trans Co,50000,0.8,32957,0.01,1,0,2
42055,42099,Texas Eastern Trans Co,50000,0.8,58103,0.01,1,0,2
42067,42099,Texas Eastern Trans Co,50000,0.8,21294,0.01,1,0,2
42067,42055,Texas Eastern Trans Co,50000,0.8,55596,0.01,1,0,2
42061,42067,Texas Eastern Trans Co,50000,0.8,47065,0.01,1,0,2
42027,42035,Columbia Gas Trans Co,50000,0.8,31583,0.01,1,0,2
42027,42035,Texas Eastern Trans Co,50000,0.8,31583,0.01,1,0,2
42061,42027,Texas Eastern Trans Co,50000,0.8,66529,0.01,1,0,2
42033,42027,Columbia Gas Trans Co,50000,0.8,53587,0.01,1,0,2
42035,42023,Columbia Gas Trans Co,50000,0.8,53545,0.01,1,0,2
42023,42035,Dominion Transmission Co,50000,0.8,53545,0.01,1,0,2
42035,42105,Dominion Transmission Co,50000,0.8,65610,0.01,1,0,2
42105,42035,National Fuel Gas Supply Co,50000,0.8,65610,0.01,1,0,2
42105,42035,Transcontinental Gas PL,50000,0.8,65610,0.01,1,0,2
42035,42081,Transcontinental Gas PL,50000,0.8,49253,0.01,1,0,2
42063,42033,Columbia Gas Trans Co,50000,0.8,66930,0.01,1,0,2
42129,42063,Columbia Gas Trans Co,50000,0.8,39631,0.01,1,0,2
42129,42063,Texas Eastern Trans Co,50000,0.8,39631,0.01,1,0,2
42005,42063,Dominion Transmission Co,50000,0.8,37792,0.01,1,0,2
42063,42065,Dominion Transmission Co,50000,0.8,56288,0.01,1,0,2
42063,42021,Texas Eastern Trans Co,50000,0.8,35030,0.01,1,0,2
42099,42041,Texas Eastern Trans Co,50000,0.8,30251,0.01,1,0,2
09170,09110,Tennessee Gas Pipeline,50000,0.8,52058,0.01,1,0,2
09140,09110,Tennessee Gas Pipeline,50000,0.8,56643,0.01,1,0,2
09110,09180,Algonquin Gas Trans Co,50000,0.8,47842,0.01,1,0,2
09110,09130,Algonquin Gas Trans Co,50000,0.8,37200,0.01,1,0,2
09140,09110,Algonquin Gas Trans Co,50000,0.8,56643,0.01,1,0,2
09140,09170,Algonquin Gas Trans Co,50000,0.8,25224,0.01,1,0,2
09170,09110,Algonquin Gas Trans Co,50000,0.8,52058,0.01,1,0,2
09110,09150,Algonquin Gas Trans Co,50000,0.8,47161,0.01,1,0,2
42051,42111,Columbia Gas Trans Co,50000,0.8,52961,0.01,1,0,2
42051,42111,Texas Eastern Trans Co,50000,0.8,52961,0.01,1,0,2
42051,42129,Texas Eastern Trans Co,50000,0.8,52822,0.01,1,0,2
42057,42055,Columbia Gas Trans Co,50000,0.8,33726,0.01,1,0,2
42009,42055,Columbia Gas Trans Co,50000,0.8,66183,0.01,1,0,2
42009,42057,Columbia Gas Trans Co,50000,0.8,34435,0.01,1,0,2
42057,42055,Texas Eastern Trans Co,50000,0.8,33726,0.01,1,0,2
42055,42001,Columbia Gas Trans Co,50000,0.8,42746,0.01,1,0,2
42055,42001,Texas Eastern Trans Co,50000,0.8,42746,0.01,1,0,2
44007,25005,Algonquin Gas Trans Co,50000,0.8,33523,0.01,1,0,2
25027,44007,Tennessee Gas Pipeline,50000,0.8,64136,0.01,1,0,2
09150,44007,Algonquin Gas Trans Co,50000,0.8,35662,0.01,1,0,2
25027,25021,Tennessee Gas Pipeline,50000,0.8,66336,0.01,1,0,2
25021,44007,Tennessee Gas Pipeline,50000,0.8,43916,0.01,1,0,2
25027,25021,Algonquin Gas Trans Co,50000,0.8,66336,0.01,1,0,2
44007,25021,Algonquin Gas Trans Co,50000,0.8,43916,0.01,1,0,2
44007,25027,Algonquin Gas Trans Co,50000,0.8,64136,0.01,1,0,2
36105,36025,Columbia Gas Trans Co,50000,0.8,52910,0.01,1,0,2
36025,36105,Millennium Pipeline Co,50000,0.8,52910,0.01,1,0,2
36025,36007,Columbia Gas Trans Co,50000,0.8,75363,0.01,1,0,2
36007,36025,Millennium Pipeline Co,50000,0.8,75363,0.01,1,0,2
34003,36061,Transcontinental Gas PL,50000,0.8,18303,0.01,1,0,2
36005,36061,Brooklyn Union Gas Co,50000,0.8,9466,0.01,1,0,2
36081,36061,Brooklyn Union Gas Co,50000,0.8,18477,0.01,1,0,2
36081,36005,Brooklyn Union Gas Co,50000,0.8,20681,0.01,1,0,2
36061,34017,Transcontinental Gas PL,50000,0.8,11910,0.01,1,0,2
36065,36043,Dominion Transmission Co,50000,0.8,51432,0.01,1,0,2
36043,36065,Iroquois Gas Trans Co,50000,0.8,51432,0.01,1,0,2
36049,36065,Iroquois Gas Trans Co,50000,0.8,66665,0.01,1,0,2
36013,36009,National Fuel Gas Distr Co,50000,0.8,58381,0.01,1,0,2
36013,36009,National Fuel Gas Supply Co,50000,0.8,58381,0.01,1,0,2
36013,36009,Tennessee Gas Pipeline,50000,0.8,58381,0.01,1,0,2
36029,36009,National Fuel Gas Supply Co,50000,0.8,51606,0.01,1,0,2
36009,36029,National Fuel Gas Distr Co,50000,0.8,51606,0.01,1,0,2
36009,36029,Tennessee Gas Pipeline,50000,0.8,51606,0.01,1,0,2
36009,36003,Columbia Gas Trans Co,50000,0.8,54700,0.01,1,0,2
36009,36003,National Fuel Gas Distr Co,50000,0.8,54700,0.01,1,0,2
36009,36003,National Fuel Gas Supply Co,50000,0.8,54700,0.01,1,0,2
42083,36009,Columbia Gas Trans Co,50000,0.8,58414,0.01,1,0,2
42083,36009,National Fuel Gas Supply Co,50000,0.8,58414,0.01,1,0,2
36009,36121,National Fuel Gas Distr Co,50000,0.8,58471,0.01,1,0,2
36121,36009,National Fuel Gas Supply Co,50000,0.8,58471,0.01,1,0,2
25017,25025,Algonquin Gas Trans Co,50000,0.8,22204,0.01,1,0,2
25005,44005,Algonquin Gas Trans Co,50000,0.8,25062,0.01,1,0,2
25005,44001,Algonquin Gas Trans Co,50000,0.8,11223,0.01,1,0,2
25005,25023,Algonquin Gas Trans Co,50000,0.8,32805,0.01,1,0,2
34015,34007,Transcontinental Gas PL,50000,0.8,17379,0.01,1,0,2
34003,36119,Tennessee Gas Pipeline,50000,0.8,28269,0.01,1,0,2
34031,34003,Tennessee Gas Pipeline,50000,0.8,24638,0.01,1,0,2
34031,34003,Transcontinental Gas PL,50000,0.8,24638,0.01,1,0,2
34031,34003,Algonquin Gas Trans Co,50000,0.8,24638,0.01,1,0,2
34013,34003,Transcontinental Gas PL,50000,0.8,25329,0.01,1,0,2
34003,34017,Transcontinental Gas PL,50000,0.8,23755,0.01,1,0,2
34003,36087,Algonquin Gas Trans Co,50000,0.8,24054,0.01,1,0,2
34019,34027,Columbia Gas Trans Co,50000,0.8,44610,0.01,1,0,2
34019,34035,Texas Eastern Trans Co,50000,0.8,24265,0.01,1,0,2
34019,34035,Transcontinental Gas PL,50000,0.8,24265,0.01,1,0,2
34019,34035,Algonquin Gas Trans Co,50000,0.8,24265,0.01,1,0,2
42017,34019,Texas Eastern Trans Co,50000,0.8,31851,0.01,1,0,2
34035,34027,Transcontinental Gas PL,50000,0.8,33903,0.01,1,0,2
34035,34027,Algonquin Gas Trans Co,50000,0.8,33903,0.01,1,0,2
34027,34031,Texas Eastern Trans Co,50000,0.8,27147,0.01,1,0,2
34027,34031,Algonquin Gas Trans Co,50000,0.8,27147,0.01,1,0,2
34027,34013,Transcontinental Gas PL,50000,0.8,27739,0.01,1,0,2
42005,42031,Dominion Transmission Co,50000,0.8,39919,0.01,1,0,2
42005,42031,Columbia Gas Trans Co,50000,0.8,39919,0.01,1,0,2
42031,42005,National Fuel Gas Distr Co,50000,0.8,39919,0.01,1,0,2
42031,42019,National Fuel Gas Distr Co,50000,0.8,51904,0.01,1,0,2
42005,42019,National Fuel Gas Distr Co,50000,0.8,40563,0.01,1,0,2
42031,42053,National Fuel Gas Supply Co,50000,0.8,35250,0.01,1,0,2
42031,42053,National Fuel Gas Distr Co,50000,0.8,35250,0.01,1,0,2
42053,42031,North Penn Gas Co,50000,0.8,35250,0.01,1,0,2
42031,42065,Dominion Transmission Co,50000,0.8,36839,0.01,1,0,2
42031,42065,Columbia Gas Trans Co,50000,0.8,36839,0.01,1,0,2
42065,42031,National Fuel Gas Distr Co,50000,0.8,36839,0.01,1,0,2
42031,42065,National Fuel Gas Supply Co,50000,0.8,36839,0.01,1,0,2
42121,42031,National Fuel Gas Supply Co,50000,0.8,33020,0.01,1,0,2
42121,42031,North Penn Gas Co,50000,0.8,33020,0.01,1,0,2
42013,42061,Texas Eastern Trans Co,50000,0.8,27274,0.01,1,0,2
42061,42087,Texas Eastern Trans Co,50000,0.8,40606,0.01,1,0,2
25027,25017,Tennessee Gas Pipeline,50000,0.8,55692,0.01,1,0,2
25017,25009,Tennessee Gas Pipeline,50000,0.8,37815,0.01,1,0,2
25021,25017,Algonquin Gas Trans Co,50000,0.8,33060,0.01,1,0,2
34035,34021,Transcontinental Gas PL,50000,0.8,32045,0.01,1,0,2
42017,34021,Transcontinental Gas PL,50000,0.8,38150,0.01,1,0,2
36029,36013,National Fuel Gas Supply Co,50000,0.8,80493,0.01,1,0,2
42123,36013,National Fuel Gas Distr Co,50000,0.8,53433,0.01,1,0,2
42133,42041,Columbia Gas Trans Co,50000,0.8,52376,0.01,1,0,2
42001,42133,Columbia Gas Trans Co,50000,0.8,42140,0.01,1,0,2
42001,42133,Texas Eastern Trans Co,50000,0.8,42140,0.01,1,0,2
42095,42089,Columbia Gas Trans Co,50000,0.8,32418,0.01,1,0,2
42089,42095,Transcontinental Gas PL,50000,0.8,32418,0.01,1,0,2
42077,42095,Columbia Gas Trans Co,50000,0.8,22821,0.01,1,0,2
42127,42103,Tennessee Gas Pipeline,50000,0.8,35227,0.01,1,0,2
42069,42127,Tennessee Gas Pipeline,50000,0.8,39394,0.01,1,0,2
09170,09140,Iroquois Gas Trans Co,50000,0.8,25224,0.01,1,0,2
09120,09170,Tennessee Gas Pipeline,50000,0.8,35162,0.01,1,0,2
09120,09140,Tennessee Gas Pipeline,50000,0.8,28101,0.01,1,0,2
09140,09170,Tennessee Gas Pipeline,50000,0.8,25224,0.01,1,0,2
42029,42091,Columbia Gas Trans Co,50000,0.8,39168,0.01,1,0,2
42029,42091,Texas Eastern Trans Co,50000,0.8,39168,0.01,1,0,2
42029,42091,Transcontinental Gas PL,50000,0.8,39168,0.01,1,0,2
36047,36081,Brooklyn Union Gas Co,50000,0.8,12391,0.01,1,0,2
36043,36057,Dominion Transmission Co,50000,0.8,74839,0.01,1,0,2
36057,36043,Iroquois Gas Trans Co,50000,0.8,74839,0.01,1,0,2
36043,36057,Tennessee Gas Pipeline,50000,0.8,74839,0.01,1,0,2
42101,42091,Transcontinental Gas PL,50000,0.8,30236,0.01,1,0,2
42091,42017,Columbia Gas Trans Co,50000,0.8,23706,0.01,1,0,2
42091,42017,Texas Eastern Trans Co,50000,0.8,23706,0.01,1,0,2
42091,42017,Transcontinental Gas PL,50000,0.8,23706,0.01,1,0,2
42091,42077,Texas Eastern Trans Co,50000,0.8,47029,0.01,1,0,2
42011,42091,Texas Eastern Trans Co,50000,0.8,52270,0.01,1,0,2
42021,42013,Texas Eastern Trans Co,50000,0.8,32500,0.01,1,0,2
42065,42033,Dominion Transmission Co,50000,0.8,50081,0.01,1,0,2
42065,42033,National Fuel Gas Distr Co,50000,0.8,50081,0.01,1,0,2
42033,42047,Dominion Transmission Co,50000,0.8,53855,0.01,1,0,2
42047,42033,National Fuel Gas Supply Co,50000,0.8,53855,0.01,1,0,2
42111,42009,Columbia Gas Trans Co,50000,0.8,47691,0.01,1,0,2
42111,42009,Texas Eastern Trans Co,50000,0.8,47691,0.01,1,0,2
36081,36059,Brooklyn Union Gas Co,50000,0.8,20614,0.01,1,0,2
42125,42003,Dominion Transmission Co,50000,0.8,31455,0.01,1,0,2
42125,42129,Dominion Transmission Co,50000,0.8,74299,0.01,1,0,2
42003,42129,Dominion Transmission Co,50000,0.8,53328,0.01,1,0,2
42125,42003,Columbia Gas Trans Co,50000,0.8,31455,0.01,1,0,2
42007,42125,Columbia Gas Trans Co,50000,0.8,50659,0.01,1,0,2
36059,36103,Brooklyn Union Gas Co,50000,0.8,57601,0.01,1,0,2
42017,42077,Columbia Gas Trans Co,50000,0.8,49084,0.01,1,0,2
42077,42017,Texas Eastern Trans Co,50000,0.8,49084,0.01,1,0,2
36063,36029,National Fuel Gas Supply Co,50000,0.8,48142,0.01,1,0,2
36029,36063,National Fuel Gas Distr Co,50000,0.8,48142,0.01,1,0,2
36063,36037,Empire Pipeline,50000,0.8,51282,0.01,1,0,2
09190,09120,Tennessee Gas Pipeline,50000,0.8,19165,0.01,1,0,2
36119,09120,Tennessee Gas Pipeline,50000,0.8,49676,0.01,1,0,2
36119,09190,Tennessee Gas Pipeline,50000,0.8,39482,0.01,1,0,2
36119,36079,Algonquin Gas Trans Co,50000,0.8,33452,0.01,1,0,2
36087,36119,Algonquin Gas Trans Co,50000,0.8,23182,0.01,1,0,2
36087,36079,Algonquin Gas Trans Co,50000,0.8,38517,0.01,1,0,2
36005,36119,Brooklyn Union Gas Co,50000,0.8,30859,0.01,1,0,2
34013,34031,Transcontinental Gas PL,50000,0.8,24585,0.01,1,0,2
34037,34031,Tennessee Gas Pipeline,50000,0.8,35421,0.01,1,0,2
42023,42083,Columbia Gas Trans Co,50000,0.8,50511,0.01,1,0,2
42023,42105,National Fuel Gas Supply Co,50000,0.8,45812,0.01,1,0,2
42047,42023,Dominion Transmission Co,50000,0.8,46106,0.01,1,0,2
42083,42023,National Fuel Gas Supply Co,50000,0.8,50511,0.01,1,0,2
42047,42023,National Fuel Gas Supply Co,50000,0.8,46106,0.01,1,0,2
42089,42103,Columbia Gas Trans Co,50000,0.8,39689,0.01,1,0,2
42103,34037,Tennessee Gas Pipeline,50000,0.8,37684,0.01,1,0,2
34013,34017,Transcontinental Gas PL,50000,0.8,16966,0.01,1,0,2
34013,34039,Transcontinental Gas PL,50000,0.8,14374,0.01,1,0,2
42079,42089,Transcontinental Gas PL,50000,0.8,57422,0.01,1,0,2
42003,42129,Columbia Gas Trans Co,50000,0.8,53328,0.01,1,0,2
42129,42005,Dominion Transmission Co,50000,0.8,53950,0.01,1,0,2
09190,09140,Algonquin Gas Trans Co,50000,0.8,31586,0.01,1,0,2
09120,09190,Iroquois Gas Trans Co,50000,0.8,19165,0.01,1,0,2
36079,09190,Algonquin Gas Trans Co,50000,0.8,29572,0.01,1,0,2
36027,09190,Iroquois Gas Trans Co,50000,0.8,53038,0.01,1,0,2
09120,09140,Iroquois Gas Trans Co,50000,0.8,28101,0.01,1,0,2
36121,36029,Dominion Transmission Co,50000,0.8,38221,0.01,1,0,2
36029,36121,National Fuel Gas Supply Co,50000,0.8,38221,0.01,1,0,2
36029,36121,National Fuel Gas Distr Co,50000,0.8,38221,0.01,1,0,2
36029,36121,Tennessee Gas Pipeline,50000,0.8,38221,0.01,1,0,2
36029,36037,National Fuel Gas Distr Co,50000,0.8,46677,0.01,1,0,2
36001,36083,Tennessee Gas Pipeline,50000,0.8,41312,0.01,1,0,2
36093,36001,Dominion Transmission Co,50000,0.8,24507,0.01,1,0,2
36095,36001,Iroquois Gas Trans Co,50000,0.8,37532,0.01,1,0,2
36095,36001,Tennessee Gas Pipeline,50000,0.8,37532,0.01,1,0,2
36001,36039,Iroquois Gas Trans Co,50000,0.8,39518,0.01,1,0,2
42007,42003,Columbia Gas Trans Co,50000,0.8,37597,0.01,1,0,2
42003,42007,National Fuel Gas Supply Co,50000,0.8,37597,0.01,1,0,2
42007,42003,Tennessee Gas Pipeline,50000,0.8,37597,0.01,1,0,2
42019,42003,Dominion Transmission Co,50000,0.8,53883,0.01,1,0,2
42019,42005,Columbia Gas Trans Co,50000,0.8,40563,0.01,1,0,2
42037,42079,Transcontinental Gas PL,50000,0.8,39541,0.01,1,0,2
42081,42037,Transcontinental Gas PL,50000,0.8,63490,0.01,1,0,2
36109,36023,Dominion Transmission Co,50000,0.8,37322,0.01,1,0,2
36011,36023,Dominion Transmission Co,50000,0.8,63113,0.01,1,0,2
36109,36011,Dominion Transmission Co,50000,0.8,64594,0.01,1,0,2
36097,36123,Columbia Gas Trans Co,50000,0.8,31612,0.01,1,0,2
36123,36097,Empire Pipeline,50000,0.8,31612,0.01,1,0,2
36069,36123,Empire Pipeline,50000,0.8,24591,0.01,1,0,2
36097,36101,Empire Pipeline,50000,0.8,44283,0.01,1,0,2
36101,36097,Columbia Gas Trans Co,50000,0.8,44283,0.01,1,0,2
36097,36109,Dominion Transmission Co,50000,0.8,35280,0.01,1,0,2
36015,36097,Dominion Transmission Co,50000,0.8,29196,0.01,1,0,2
36123,36069,Tennessee Gas Pipeline,50000,0.8,24591,0.01,1,0,2
36101,36123,Tennessee Gas Pipeline,50000,0.8,42903,0.01,1,0,2
42015,42115,Tennessee Gas Pipeline,50000,0.8,59080,0.01,1,0,2
42115,42069,Tennessee Gas Pipeline,50000,0.8,47521,0.01,1,0,2
42073,42007,Dominion Transmission Co,50000,0.8,36233,0.01,1,0,2
42073,42007,Columbia Gas Trans Co,50000,0.8,36233,0.01,1,0,2
42007,42073,National Fuel Gas Supply Co,50000,0.8,36233,0.01,1,0,2
42073,42007,Tennessee Gas Pipeline,50000,0.8,36233,0.01,1,0,2
42007,42019,Dominion Transmission Co,50000,0.8,44231,0.01,1,0,2
36069,36117,Empire Pipeline,50000,0.8,45183,0.01,1,0,2
36055,36069,Empire Pipeline,50000,0.8,50708,0.01,1,0,2
36037,36055,Empire Pipeline,50000,0.8,44295,0.01,1,0,2
36057,36093,Dominion Transmission Co,50000,0.8,31805,0.01,1,0,2
36057,36095,Iroquois Gas Trans Co,50000,0.8,35064,0.01,1,0,2
36057,36095,Tennessee Gas Pipeline,50000,0.8,35064,0.01,1,0,2
36003,36101,National Fuel Gas Supply Co,50000,0.8,50016,0.01,1,0,2
36003,36101,National Fuel Gas Distr Co,50000,0.8,50016,0.01,1,0,2
42105,36003,Dominion Transmission Co,50000,0.8,54251,0.01,1,0,2
36003,42105,National Fuel Gas Supply Co,50000,0.8,54251,0.01,1,0,2
36003,36121,Dominion Transmission Co,50000,0.8,51705,0.01,1,0,2
42073,42085,National Fuel Gas Supply Co,50000,0.8,33979,0.01,1,0,2
42073,42019,National Fuel Gas Supply Co,50000,0.8,35911,0.01,1,0,2
42019,42085,National Fuel Gas Supply Co,50000,0.8,50032,0.01,1,0,2
42073,42085,Tennessee Gas Pipeline,50000,0.8,33979,0.01,1,0,2
42073,42019,Columbia Gas Trans Co,50000,0.8,35911,0.01,1,0,2
42009,42057,Texas Eastern Trans Co,50000,0.8,34435,0.01,1,0,2
36083,36021,Tennessee Gas Pipeline,50000,0.8,53813,0.01,1,0,2
36021,36027,Iroquois Gas Trans Co,50000,0.8,54240,0.01,1,0,2
36039,36021,Iroquois Gas Trans Co,50000,0.8,40499,0.01,1,0,2
36095,36093,Iroquois Gas Trans Co,50000,0.8,41345,0.01,1,0,2
36021,25003,Tennessee Gas Pipeline,50000,0.8,40122,0.01,1,0,2
42085,42039,National Fuel Gas Supply Co,50000,0.8,44759,0.01,1,0,2
42085,42039,Tennessee Gas Pipeline,50000,0.8,44759,0.01,1,0,2
42019,42121,National Fuel Gas Distr Co,50000,0.8,55488,0.01,1,0,2
42085,42121,National Fuel Gas Distr Co,50000,0.8,44997,0.01,1,0,2
42019,42085,National Fuel Gas Distr Co,50000,0.8,50032,0.01,1,0,2
42085,42121,National Fuel Gas Supply Co,50000,0.8,44997,0.01,1,0,2
42085,42121,Tennessee Gas Pipeline,50000,0.8,44997,0.01,1,0,2
42123,42047,National Fuel Gas Supply Co,50000,0.8,61990,0.01,1,0,2
42123,42083,National Fuel Gas Supply Co,50000,0.8,58354,0.01,1,0,2
42047,42083,National Fuel Gas Supply Co,50000,0.8,44147,0.01,1,0,2
42083,42105,Dominion Transmission Co,50000,0.8,55822,0.01,1,0,2
42083,42105,National Fuel Gas Supply Co,50000,0.8,55822,0.01,1,0,2
42083,42105,North Penn Gas Co,50000,0.8,55822,0.01,1,0,2
42083,42105,Tennessee Gas Pipeline,50000,0.8,55822,0.01,1,0,2
42047,42083,Columbia Gas Trans Co,50000,0.8,44147,0.01,1,0,2
42047,42083,Dominion Transmission Co,50000,0.8,44147,0.01,1,0,2
42083,42047,National Fuel Gas Distr Co,50000,0.8,44147,0.01,1,0,2
42047,42083,Tennessee Gas Pipeline,50000,0.8,44147,0.01,1,0,2
42015,36107,Tennessee Gas Pipeline,50000,0.8,50895,0.01,1,0,2
42117,42015,North Penn Gas Co,50000,0.8,61266,0.01,1,0,2
42117,42015,Tennessee Gas Pipeline,50000,0.8,61266,0.01,1,0,2
42053,42123,National Fuel Gas Supply Co,50000,0.8,36533,0.01,1,0,2
36099,36069,Dominion Transmission Co,50000,0.8,34703,0.01,1,0,2
36069,36099,Tennessee Gas Pipeline,50000,0.8,34703,0.01,1,0,2
9170,36103,Iroquois Gas Trans Co,50000,0.8,54904,0.01,1,0,2
36089,36049,Iroquois Gas Trans Co,50000,0.8,80557,0.01,1,0,2
36007,36107,Columbia Gas Trans Co,50000,0.8,37016,0.01,1,0,2
36107,36007,Millennium Pipeline Co,50000,0.8,37016,0.01,1,0,2
36107,36015,Columbia Gas Trans Co,50000,0.8,37765,0.01,1,0,2
36015,36107,Millennium Pipeline Co,50000,0.8,37765,0.01,1,0,2
42117,36101,Dominion Transmission Co,50000,0.8,60798,0.01,1,0,2
42105,42117,Dominion Transmission Co,50000,0.8,54357,0.01,1,0,2
42105,42117,North Penn Gas Co,50000,0.8,54357,0.01,1,0,2
42105,42117,Tennessee Gas Pipeline,50000,0.8,54357,0.01,1,0,2
42105,36101,National Fuel Gas Supply Co,50000,0.8,70475,0.01,1,0,2
42105,36101,Tennessee Gas Pipeline,50000,0.8,70475,0.01,1,0,2
36015,36101,Columbia Gas Trans Co,50000,0.8,56443,0.01,1,0,2
36101,36015,Dominion Transmission Co,50000,0.8,56443,0.01,1,0,2
36101,36015,Millennium Pipeline Co,50000,0.8,56443,0.01,1,0,2
42075,42011,Texas Eastern Trans Co,50000,0.8,44136,0.01,1,0,2
42053,42047,National Fuel Gas Supply Co,50000,0.8,40624,0.01,1,0,2
42053,42047,Tennessee Gas Pipeline,50000,0.8,40624,0.01,1,0,2
42121,42053,Tennessee Gas Pipeline,50000,0.8,43049,0.01,1,0,2
36121,36037,National Fuel Gas Distr Co,50000,0.8,33403,0.01,1,0,2
42065,42047,Columbia Gas Trans Co,50000,0.8,36318,0.01,1,0,2
42065,42047,Dominion Transmission Co,50000,0.8,36318,0.01,1,0,2
42047,42065,National Fuel Gas Distr Co,50000,0.8,36318,0.01,1,0,2
42065,42047,National Fuel Gas Supply Co,50000,0.8,36318,0.01,1,0,2
36117,36011,Empire Pipeline,50000,0.8,39535,0.01,1,0,2
36011,36099,Dominion Transmission Co,50000,0.8,33585,0.01,1,0,2
36099,36011,Tennessee Gas Pipeline,50000,0.8,33585,0.01,1,0,2
42121,42039,National Fuel Gas Distr Co,50000,0.8,40566,0.01,1,0,2
42059,42125,Equitrans Inc,50000,0.8,38325,0.01,1,0,2
42003,42063,Equitrans Inc,50000,0.8,80470,0.01,1,0,2
42129,42021,Equitrans Inc,50000,0.8,56873,0.01,1,0,2
42063,42129,Equitrans Inc,50000,0.8,39631,0.01,1,0,2
42063,42021,Equitrans Inc,50000,0.8,35030,0.01,1,0,2
42003,42129,Equitrans Inc,50000,0.8,53328,0.01,1,0,2
42003,42021,Equitrans Inc,50000,0.8,107923,0.01,1,0,2
42125,42051,Equitrans Inc,50000,0.8,58497,0.01,1,0,2
42125,42003,Equitrans Inc,50000,0.8,31455,0.01,1,0,2
36063,36029,Tennessee Gas Pipeline,50000,0.8,48142,0.01,1,0,2
42083,42105,Transcontinental Gas PL,50000,0.8,53459,0.01,1,0,2
36063,36073,Distribution,50000,0.8,53459,0.01,1,0,2
36089,36045,Distribution,50000,0.8,53459,0.01,1,0,2
36077,36017,Distribution,50000,0.8,53459,0.01,1,0,2
36027,36111,Distribution,50000,0.8,53459,0.01,1,0,2
42015,42113,Distribution,50000,0.8,53459,0.01,1,0,2
42113,42131,Distribution,50000,0.8,53459,0.01,1,0,2
42095,42025,Distribution,50000,0.8,53459,0.01,1,0,2
42025,42107,Distribution,50000,0.8,53459,0.01,1,0,2
42087,42109,Distribution,50000,0.8,53459,0.01,1,0,2
42109,42119,Distribution,50000,0.8,53459,0.01,1,0,2
42109,42097,Distribution,50000,0.8,53459,0.01,1,0,2
42097,42093,Distribution,50000,0.8,53459,0.01,1,0,2
34015,34033,Distribution,50000,0.8,53459,0.01,1,0,2
34033,34011,Distribution,50000,0.8,53459,0.01,1,0,2
34011,34009,Distribution,50000,0.8,53459,0.01,1,0,2
34015,34001,Distribution,50000,0.8,53459,0.01,1,0,2
34021,34025,Distribution,50000,0.8,53459,0.01,1,0,2
34025,34029,Distribution,50000,0.8,53459,0.01,1,0,2
44007,44003,Distribution,50000,0.8,53459,0.01,1,0,2
44003,44009,Distribution,50000,0.8,53459,0.01,1,0,2
25001,25007,Distribution,50000,0.8,53459,0.01,1,0,2
25007,25019,Distribution,50000,0.8,53459,0.01,1,0,2
25015,25011,Distribution,50000,0.8,53459,0.01,1,0,2
36043,36041,Distribution,50000,0.8,53459,0.01,1,0,2
36041,36035,Distribution,50000,0.8,53459,0.01,1,0,2
36041,36113,Distribution,50000,0.8,53459,0.01,1,0,2
36113,36115,Distribution,50000,0.8,53459,0.01,1,0,2
36113,36091,Distribution,50000,0.8,53459,0.01,1,0,2
36089,36033,Distribution,50000,0.8,53459,0.01,1,0,2
36033,36019,Distribution,50000,0.8,53459,0.01,1,0,2
36019,36031,Distribution,50000,0.8,53459,0.01,1,0,2