NodeELEC,NodeGAS,P2GID,PrimeMover,ExistingUnits,UnitSize,MaxNewAnnual,MaxNewTotal,Pmin,Pmax,RampDown,RampUp,MinUp,MinDown,ETA,P2LETA,EconomicLifetime,Lifetime,isBiomethane,isBiomass,InstallYear,ForcedRetirement,MoleFrac_CH4,MoleFrac_H2
36067,36067,BM000,Biomethane,0,100,6,30,0,1,1,1,1,1,1,0,20,20,1,0,2060,2060,1,0
36067,36067,EL000,Electrolysis,0,100,6,30,0,1,1,1,1,1,0.7,0,20,20,0,0,2060,2060,0,1
36067,36067,MT000,Net-zero CH4,0,100,6,30,0,1,1,1,1,1,0.5,0,20,20,0,0,2060,2060,1,0
36071,36071,BM001,Biomethane,0,100,6,30,0,1,1,1,1,1,1,0,20,20,1,0,2060,2060,1,0
36071,36071,EL001,Electrolysis,0,100,6,30,0,1,1,1,1,1,0.7,0,20,20,0,0,2060,2060,0,1
36071,36071,MT001,Net-zero CH4,0,100,6,30,0,1,1,1,1,1,0.5,0,20,20,0,0,2060,2060,1,0
36017,36017,BM002,Biomethane,0,100,6,30,0,1,1,1,1,1,1,0,20,20,1,0,2060,2060,1,0
36017,36017,EL002,Electrolysis,0,100,6,30,0,1,1,1,1,1,0.7,0,20,20,0,0,2060,2060,0,1
36017,36017,MT002,Net-zero CH4,0,100,6,30,0,1,1,1,1,1,0.5,0,20,20,0,0,2060,2060,1,0
25001,25001,BM003,Biomethane,0,100,6,30,0,1,1,1,1,1,1,0,20,20,1,0,2060,2060,1,0
25001,25001,EL003,Electrolysis,0,100,6,30,0,1,1,1,1,1,0.7,0,20,20,0,0,2060,2060,0,1
25001,25001,MT003,Net-zero CH4,0,100,6,30,0,1,1,1,1,1,0.5,0,20,20,0,0,2060,2060,1,0
25013,25013,BM004,Biomethane,0,100,6,30,0,1,1,1,1,1,1,0,20,20,1,0,2060,2060,1,0
25013,25013,EL004,Electrolysis,0,100,6,30,0,1,1,1,1,1,0.7,0,20,20,0,0,2060,2060,0,1
25013,25013,MT004,Net-zero CH4,0,100,6,30,0,1,1,1,1,1,0.5,0,20,20,0,0,2060,2060,1,0
34011,34011,BM005,Biomethane,0,100,6,30,0,1,1,1,1,1,1,0,20,20,1,0,2060,2060,1,0
34011,34011,EL005,Electrolysis,0,100,6,30,0,1,1,1,1,1,0.7,0,20,20,0,0,2060,2060,0,1
34011,34011,MT005,Net-zero CH4,0,100,6,30,0,1,1,1,1,1,0.5,0,20,20,0,0,2060,2060,1,0
34041,34041,BM006,Biomethane,0,100,6,30,0,1,1,1,1,1,1,0,20,20,1,0,2060,2060,1,0
34041,34041,EL006,Electrolysis,0,100,6,30,0,1,1,1,1,1,0.7,0,20,20,0,0,2060,2060,0,1
34041,34041,MT006,Net-zero CH4,0,100,6,30,0,1,1,1,1,1,0.5,0,20,20,0,0,2060,2060,1,0
34005,34005,BM007,Biomethane,0,100,6,30,0,1,1,1,1,1,1,0,20,20,1,0,2060,2060,1,0
34005,34005,EL007,Electrolysis,0,100,6,30,0,1,1,1,1,1,0.7,0,20,20,0,0,2060,2060,0,1
34005,34005,MT007,Net-zero CH4,0,100,6,30,0,1,1,1,1,1,0.5,0,20,20,0,0,2060,2060,1,0
34023,34023,BM008,Biomethane,0,100,6,30,0,1,1,1,1,1,1,0,20,20,1,0,2060,2060,1,0
34023,34023,EL008,Electrolysis,0,100,6,30,0,1,1,1,1,1,0.7,0,20,20,0,0,2060,2060,0,1
34023,34023,MT008,Net-zero CH4,0,100,6,30,0,1,1,1,1,1,0.5,0,20,20,0,0,2060,2060,1,0
42045,42045,BM009,Biomethane,0,100,6,30,0,1,1,1,1,1,1,0,20,20,1,0,2060,2060,1,0
42045,42045,EL009,Electrolysis,0,100,6,30,0,1,1,1,1,1,0.7,0,20,20,0,0,2060,2060,0,1
42045,42045,MT009,Net-zero CH4,0,100,6,30,0,1,1,1,1,1,0.5,0,20,20,0,0,2060,2060,1,0
42049,42049,BM010,Biomethane,0,100,6,30,0,1,1,1,1,1,1,0,20,20,1,0,2060,2060,1,0
42049,42049,EL010,Electrolysis,0,100,6,30,0,1,1,1,1,1,0.7,0,20,20,0,0,2060,2060,0,1
42049,42049,MT010,Net-zero CH4,0,100,6,30,0,1,1,1,1,1,0.5,0,20,20,0,0,2060,2060,1,0
42059,42059,BM011,Biomethane,0,100,6,30,0,1,1,1,1,1,1,0,20,20,1,0,2060,2060,1,0
42059,42059,EL011,Electrolysis,0,100,6,30,0,1,1,1,1,1,0.7,0,20,20,0,0,2060,2060,0,1
42059,42059,MT011,Net-zero CH4,0,100,6,30,0,1,1,1,1,1,0.5,0,20,20,0,0,2060,2060,1,0
25015,25015,BM012,Biomethane,0,100,6,30,0,1,1,1,1,1,1,0,20,20,1,0,2060,2060,1,0
25015,25015,EL012,Electrolysis,0,100,6,30,0,1,1,1,1,1,0.7,0,20,20,0,0,2060,2060,0,1
25015,25015,MT012,Net-zero CH4,0,100,6,30,0,1,1,1,1,1,0.5,0,20,20,0,0,2060,2060,1,0
36053,36053,BM013,Biomethane,0,100,6,30,0,1,1,1,1,1,1,0,20,20,1,0,2060,2060,1,0
36053,36053,EL013,Electrolysis,0,100,6,30,0,1,1,1,1,1,0.7,0,20,20,0,0,2060,2060,0,1
36053,36053,MT013,Net-zero CH4,0,100,6,30,0,1,1,1,1,1,0.5,0,20,20,0,0,2060,2060,1,0
36077,36077,BM014,Biomethane,0,100,6,30,0,1,1,1,1,1,1,0,20,20,1,0,2060,2060,1,0
36077,36077,EL014,Electrolysis,0,100,6,30,0,1,1,1,1,1,0.7,0,20,20,0,0,2060,2060,0,1
36077,36077,MT014,Net-zero CH4,0,100,6,30,0,1,1,1,1,1,0.5,0,20,20,0,0,2060,2060,1,0
36051,36051,BM015,Biomethane,0,100,6,30,0,1,1,1,1,1,1,0,20,20,1,0,2060,2060,1,0
36051,36051,EL015,Electrolysis,0,100,6,30,0,1,1,1,1,1,0.7,0,20,20,0,0,2060,2060,0,1
36051,36051,MT015,Net-zero CH4,0,100,6,30,0,1,1,1,1,1,0.5,0,20,20,0,0,2060,2060,1,0
42071,42071,BM016,Biomethane,0,100,6,30,0,1,1,1,1,1,1,0,20,20,1,0,2060,2060,1,0
42071,42071,EL016,Electrolysis,0,100,6,30,0,1,1,1,1,1,0.7,0,20,20,0,0,2060,2060,0,1
42071,42071,MT016,Net-zero CH4,0,100,6,30,0,1,1,1,1,1,0.5,0,20,20,0,0,2060,2060,1,0
42043,42043,BM017,Biomethane,0,100,6,30,0,1,1,1,1,1,1,0,20,20,1,0,2060,2060,1,0
42043,42043,EL017,Electrolysis,0,100,6,30,0,1,1,1,1,1,0.7,0,20,20,0,0,2060,2060,0,1
42043,42043,MT017,Net-zero CH4,0,100,6,30,0,1,1,1,1,1,0.5,0,20,20,0,0,2060,2060,1,0
42067,42067,BM018,Biomethane,0,100,6,30,0,1,1,1,1,1,1,0,20,20,1,0,2060,2060,1,0
42067,42067,EL018,Electrolysis,0,100,6,30,0,1,1,1,1,1,0.7,0,20,20,0,0,2060,2060,0,1
42067,42067,MT018,Net-zero CH4,0,100,6,30,0,1,1,1,1,1,0.5,0,20,20,0,0,2060,2060,1,0
42027,42027,BM019,Biomethane,0,100,6,30,0,1,1,1,1,1,1,0,20,20,1,0,2060,2060,1,0
42027,42027,EL019,Electrolysis,0,100,6,30,0,1,1,1,1,1,0.7,0,20,20,0,0,2060,2060,0,1
42027,42027,MT019,Net-zero CH4,0,100,6,30,0,1,1,1,1,1,0.5,0,20,20,0,0,2060,2060,1,0
42035,42035,BM020,Biomethane,0,100,6,30,0,1,1,1,1,1,1,0,20,20,1,0,2060,2060,1,0
42035,42035,EL020,Electrolysis,0,100,6,30,0,1,1,1,1,1,0.7,0,20,20,0,0,2060,2060,0,1
42035,42035,MT020,Net-zero CH4,0,100,6,30,0,1,1,1,1,1,0.5,0,20,20,0,0,2060,2060,1,0
42063,42063,BM021,Biomethane,0,100,6,30,0,1,1,1,1,1,1,0,20,20,1,0,2060,2060,1,0
42063,42063,EL021,Electrolysis,0,100,6,30,0,1,1,1,1,1,0.7,0,20,20,0,0,2060,2060,0,1
42063,42063,MT021,Net-zero CH4,0,100,6,30,0,1,1,1,1,1,0.5,0,20,20,0,0,2060,2060,1,0
42099,42099,BM022,Biomethane,0,100,6,30,0,1,1,1,1,1,1,0,20,20,1,0,2060,2060,1,0
42099,42099,EL022,Electrolysis,0,100,6,30,0,1,1,1,1,1,0.7,0,20,20,0,0,2060,2060,0,1
42099,42099,MT022,Net-zero CH4,0,100,6,30,0,1,1,1,1,1,0.5,0,20,20,0,0,2060,2060,1,0
09110,09110,BM023,Biomethane,0,100,6,30,0,1,1,1,1,1,1,0,20,20,1,0,2060,2060,1,0
09110,09110,EL023,Electrolysis,0,100,6,30,0,1,1,1,1,1,0.7,0,20,20,0,0,2060,2060,0,1
09110,09110,MT023,Net-zero CH4,0,100,6,30,0,1,1,1,1,1,0.5,0,20,20,0,0,2060,2060,1,0
42051,42051,BM024,Biomethane,0,100,6,30,0,1,1,1,1,1,1,0,20,20,1,0,2060,2060,1,0
42051,42051,EL024,Electrolysis,0,100,6,30,0,1,1,1,1,1,0.7,0,20,20,0,0,2060,2060,0,1
42051,42051,MT024,Net-zero CH4,0,100,6,30,0,1,1,1,1,1,0.5,0,20,20,0,0,2060,2060,1,0
42055,42055,BM025,Biomethane,0,100,6,30,0,1,1,1,1,1,1,0,20,20,1,0,2060,2060,1,0
42055,42055,EL025,Electrolysis,0,100,6,30,0,1,1,1,1,1,0.7,0,20,20,0,0,2060,2060,0,1
42055,42055,MT025,Net-zero CH4,0,100,6,30,0,1,1,1,1,1,0.5,0,20,20,0,0,2060,2060,1,0
44007,44007,BM026,Biomethane,0,100,6,30,0,1,1,1,1,1,1,0,20,20,1,0,2060,2060,1,0
44007,44007,EL026,Electrolysis,0,100,6,30,0,1,1,1,1,1,0.7,0,20,20,0,0,2060,2060,0,1
44007,44007,MT026,Net-zero CH4,0,100,6,30,0,1,1,1,1,1,0.5,0,20,20,0,0,2060,2060,1,0
36025,36025,BM027,Biomethane,0,100,6,30,0,1,1,1,1,1,1,0,20,20,1,0,2060,2060,1,0
36025,36025,EL027,Electrolysis,0,100,6,30,0,1,1,1,1,1,0.7,0,20,20,0,0,2060,2060,0,1
36025,36025,MT027,Net-zero CH4,0,100,6,30,0,1,1,1,1,1,0.5,0,20,20,0,0,2060,2060,1,0
36061,36061,BM028,Biomethane,0,100,6,30,0,1,1,1,1,1,1,0,20,20,1,0,2060,2060,1,0
36061,36061,EL028,Electrolysis,0,100,6,30,0,1,1,1,1,1,0.7,0,20,20,0,0,2060,2060,0,1
36061,36061,MT028,Net-zero CH4,0,100,6,30,0,1,1,1,1,1,0.5,0,20,20,0,0,2060,2060,1,0
36065,36065,BM029,Biomethane,0,100,6,30,0,1,1,1,1,1,1,0,20,20,1,0,2060,2060,1,0
36065,36065,EL029,Electrolysis,0,100,6,30,0,1,1,1,1,1,0.7,0,20,20,0,0,2060,2060,0,1
36065,36065,MT029,Net-zero CH4,0,100,6,30,0,1,1,1,1,1,0.5,0,20,20,0,0,2060,2060,1,0
36115,36115,BM030,Biomethane,0,100,6,30,0,1,1,1,1,1,1,0,20,20,1,0,2060,2060,1,0
36115,36115,EL030,Electrolysis,0,100,6,30,0,1,1,1,1,1,0.7,0,20,20,0,0,2060,2060,0,1
36115,36115,MT030,Net-zero CH4,0,100,6,30,0,1,1,1,1,1,0.5,0,20,20,0,0,2060,2060,1,0
36009,36009,BM031,Biomethane,0,100,6,30,0,1,1,1,1,1,1,0,20,20,1,0,2060,2060,1,0
36009,36009,EL031,Electrolysis,0,100,6,30,0,1,1,1,1,1,0.7,0,20,20,0,0,2060,2060,0,1
36009,36009,MT031,Net-zero CH4,0,100,6,30,0,1,1,1,1,1,0.5,0,20,20,0,0,2060,2060,1,0
25025,25025,BM032,Biomethane,0,100,6,30,0,1,1,1,1,1,1,0,20,20,1,0,2060,2060,1,0
25025,25025,EL032,Electrolysis,0,100,6,30,0,1,1,1,1,1,0.7,0,20,20,0,0,2060,2060,0,1
25025,25025,MT032,Net-zero CH4,0,100,6,30,0,1,1,1,1,1,0.5,0,20,20,0,0,2060,2060,1,0
25005,25005,BM033,Biomethane,0,100,6,30,0,1,1,1,1,1,1,0,20,20,1,0,2060,2060,1,0
25005,25005,EL033,Electrolysis,0,100,6,30,0,1,1,1,1,1,0.7,0,20,20,0,0,2060,2060,0,1
25005,25005,MT033,Net-zero CH4,0,100,6,30,0,1,1,1,1,1,0.5,0,20,20,0,0,2060,2060,1,0
34009,34009,BM034,Biomethane,0,100,6,30,0,1,1,1,1,1,1,0,20,20,1,0,2060,2060,1,0
34009,34009,EL034,Electrolysis,0,100,6,30,0,1,1,1,1,1,0.7,0,20,20,0,0,2060,2060,0,1
34009,34009,MT034,Net-zero CH4,0,100,6,30,0,1,1,1,1,1,0.5,0,20,20,0,0,2060,2060,1,0
34015,34015,BM035,Biomethane,0,100,6,30,0,1,1,1,1,1,1,0,20,20,1,0,2060,2060,1,0
34015,34015,EL035,Electrolysis,0,100,6,30,0,1,1,1,1,1,0.7,0,20,20,0,0,2060,2060,0,1
34015,34015,MT035,Net-zero CH4,0,100,6,30,0,1,1,1,1,1,0.5,0,20,20,0,0,2060,2060,1,0
34003,34003,BM036,Biomethane,0,100,6,30,0,1,1,1,1,1,1,0,20,20,1,0,2060,2060,1,0
34003,34003,EL036,Electrolysis,0,100,6,30,0,1,1,1,1,1,0.7,0,20,20,0,0,2060,2060,0,1
34003,34003,MT036,Net-zero CH4,0,100,6,30,0,1,1,1,1,1,0.5,0,20,20,0,0,2060,2060,1,0
34019,34019,BM037,Biomethane,0,100,6,30,0,1,1,1,1,1,1,0,20,20,1,0,2060,2060,1,0
34019,34019,EL037,Electrolysis,0,100,6,30,0,1,1,1,1,1,0.7,0,20,20,0,0,2060,2060,0,1
34019,34019,MT037,Net-zero CH4,0,100,6,30,0,1,1,1,1,1,0.5,0,20,20,0,0,2060,2060,1,0
36045,36045,BM038,Biomethane,0,100,6,30,0,1,1,1,1,1,1,0,20,20,1,0,2060,2060,1,0
36045,36045,EL038,Electrolysis,0,100,6,30,0,1,1,1,1,1,0.7,0,20,20,0,0,2060,2060,0,1
36045,36045,MT038,Net-zero CH4,0,100,6,30,0,1,1,1,1,1,0.5,0,20,20,0,0,2060,2060,1,0
36019,36019,BM039,Biomethane,0,100,6,30,0,1,1,1,1,1,1,0,20,20,1,0,2060,2060,1,0
36019,36019,EL039,Electrolysis,0,100,6,30,0,1,1,1,1,1,0.7,0,20,20,0,0,2060,2060,0,1
36019,36019,MT039,Net-zero CH4,0,100,6,30,0,1,1,1,1,1,0.5,0,20,20,0,0,2060,2060,1,0
36031,36031,BM040,Biomethane,0,100,6,30,0,1,1,1,1,1,1,0,20,20,1,0,2060,2060,1,0
36031,36031,EL040,Electrolysis,0,100,6,30,0,1,1,1,1,1,0.7,0,20,20,0,0,2060,2060,0,1
36031,36031,MT040,Net-zero CH4,0,100,6,30,0,1,1,1,1,1,0.5,0,20,20,0,0,2060,2060,1,0
34027,34027,BM041,Biomethane,0,100,6,30,0,1,1,1,1,1,1,0,20,20,1,0,2060,2060,1,0
34027,34027,EL041,Electrolysis,0,100,6,30,0,1,1,1,1,1,0.7,0,20,20,0,0,2060,2060,0,1
34027,34027,MT041,Net-zero CH4,0,100,6,30,0,1,1,1,1,1,0.5,0,20,20,0,0,2060,2060,1,0
36091,36091,BM042,Biomethane,0,100,6,30,0,1,1,1,1,1,1,0,20,20,1,0,2060,2060,1,0
36091,36091,EL042,Electrolysis,0,100,6,30,0,1,1,1,1,1,0.7,0,20,20,0,0,2060,2060,0,1
36091,36091,MT042,Net-zero CH4,0,100,6,30,0,1,1,1,1,1,0.5,0,20,20,0,0,2060,2060,1,0
42031,42031,BM043,Biomethane,0,100,6,30,0,1,1,1,1,1,1,0,20,20,1,0,2060,2060,1,0
42031,42031,EL043,Electrolysis,0,100,6,30,0,1,1,1,1,1,0.7,0,20,20,0,0,2060,2060,0,1
42031,42031,MT043,Net-zero CH4,0,100,6,30,0,1,1,1,1,1,0.5,0,20,20,0,0,2060,2060,1,0
42061,42061,BM044,Biomethane,0,100,6,30,0,1,1,1,1,1,1,0,20,20,1,0,2060,2060,1,0
42061,42061,EL044,Electrolysis,0,100,6,30,0,1,1,1,1,1,0.7,0,20,20,0,0,2060,2060,0,1
42061,42061,MT044,Net-zero CH4,0,100,6,30,0,1,1,1,1,1,0.5,0,20,20,0,0,2060,2060,1,0
25017,25017,BM045,Biomethane,0,100,6,30,0,1,1,1,1,1,1,0,20,20,1,0,2060,2060,1,0
25017,25017,EL045,Electrolysis,0,100,6,30,0,1,1,1,1,1,0.7,0,20,20,0,0,2060,2060,0,1
25017,25017,MT045,Net-zero CH4,0,100,6,30,0,1,1,1,1,1,0.5,0,20,20,0,0,2060,2060,1,0
25027,25027,BM046,Biomethane,0,100,6,30,0,1,1,1,1,1,1,0,20,20,1,0,2060,2060,1,0
25027,25027,EL046,Electrolysis,0,100,6,30,0,1,1,1,1,1,0.7,0,20,20,0,0,2060,2060,0,1
25027,25027,MT046,Net-zero CH4,0,100,6,30,0,1,1,1,1,1,0.5,0,20,20,0,0,2060,2060,1,0
34033,34033,BM047,Biomethane,0,100,6,30,0,1,1,1,1,1,1,0,20,20,1,0,2060,2060,1,0
34033,34033,EL047,Electrolysis,0,100,6,30,0,1,1,1,1,1,0.7,0,20,20,0,0,2060,2060,0,1
34033,34033,MT047,Net-zero CH4,0,100,6,30,0,1,1,1,1,1,0.5,0,20,20,0,0,2060,2060,1,0
34021,34021,BM048,Biomethane,0,100,6,30,0,1,1,1,1,1,1,0,20,20,1,0,2060,2060,1,0
34021,34021,EL048,Electrolysis,0,100,6,30,0,1,1,1,1,1,0.7,0,20,20,0,0,2060,2060,0,1
34021,34021,MT048,Net-zero CH4,0,100,6,30,0,1,1,1,1,1,0.5,0,20,20,0,0,2060,2060,1,0
36013,36013,BM049,Biomethane,0,100,6,30,0,1,1,1,1,1,1,0,20,20,1,0,2060,2060,1,0
36013,36013,EL049,Electrolysis,0,100,6,30,0,1,1,1,1,1,0.7,0,20,20,0,0,2060,2060,0,1
36013,36013,MT049,Net-zero CH4,0,100,6,30,0,1,1,1,1,1,0.5,0,20,20,0,0,2060,2060,1,0
42133,42133,BM050,Biomethane,0,100,6,30,0,1,1,1,1,1,1,0,20,20,1,0,2060,2060,1,0
42133,42133,EL050,Electrolysis,0,100,6,30,0,1,1,1,1,1,0.7,0,20,20,0,0,2060,2060,0,1
42133,42133,MT050,Net-zero CH4,0,100,6,30,0,1,1,1,1,1,0.5,0,20,20,0,0,2060,2060,1,0
42095,42095,BM051,Biomethane,0,100,6,30,0,1,1,1,1,1,1,0,20,20,1,0,2060,2060,1,0
42095,42095,EL051,Electrolysis,0,100,6,30,0,1,1,1,1,1,0.7,0,20,20,0,0,2060,2060,0,1
42095,42095,MT051,Net-zero CH4,0,100,6,30,0,1,1,1,1,1,0.5,0,20,20,0,0,2060,2060,1,0
42127,42127,BM052,Biomethane,0,100,6,30,0,1,1,1,1,1,1,0,20,20,1,0,2060,2060,1,0
42127,42127,EL052,Electrolysis,0,100,6,30,0,1,1,1,1,1,0.7,0,20,20,0,0,2060,2060,0,1
42127,42127,MT052,Net-zero CH4,0,100,6,30,0,1,1,1,1,1,0.5,0,20,20,0,0,2060,2060,1,0
09170,09170,BM053,Biomethane,0,100,6,30,0,1,1,1,1,1,1,0,20,20,1,0,2060,2060,1,0
09170,09170,EL053,Electrolysis,0,100,6,30,0,1,1,1,1,1,0.7,0,20,20,0,0,2060,2060,0,1
09170,09170,MT053,Net-zero CH4,0,100,6,30,0,1,1,1,1,1,0.5,0,20,20,0,0,2060,2060,1,0
42029,42029,BM054,Biomethane,0,100,6,30,0,1,1,1,1,1,1,0,20,20,1,0,2060,2060,1,0
42029,42029,EL054,Electrolysis,0,100,6,30,0,1,1,1,1,1,0.7,0,20,20,0,0,2060,2060,0,1
42029,42029,MT054,Net-zero CH4,0,100,6,30,0,1,1,1,1,1,0.5,0,20,20,0,0,2060,2060,1,0
36047,36047,BM055,Biomethane,0,100,6,30,0,1,1,1,1,1,1,0,20,20,1,0,2060,2060,1,0
36047,36047,EL055,Electrolysis,0,100,6,30,0,1,1,1,1,1,0.7,0,20,20,0,0,2060,2060,0,1
36047,36047,MT055,Net-zero CH4,0,100,6,30,0,1,1,1,1,1,0.5,0,20,20,0,0,2060,2060,1,0
36043,36043,BM056,Biomethane,0,100,6,30,0,1,1,1,1,1,1,0,20,20,1,0,2060,2060,1,0
36043,36043,EL056,Electrolysis,0,100,6,30,0,1,1,1,1,1,0.7,0,20,20,0,0,2060,2060,0,1
36043,36043,MT056,Net-zero CH4,0,100,6,30,0,1,1,1,1,1,0.5,0,20,20,0,0,2060,2060,1,0
34035,34035,BM057,Biomethane,0,100,6,30,0,1,1,1,1,1,1,0,20,20,1,0,2060,2060,1,0
34035,34035,EL057,Electrolysis,0,100,6,30,0,1,1,1,1,1,0.7,0,20,20,0,0,2060,2060,0,1
34035,34035,MT057,Net-zero CH4,0,100,6,30,0,1,1,1,1,1,0.5,0,20,20,0,0,2060,2060,1,0
42091,42091,BM058,Biomethane,0,100,6,30,0,1,1,1,1,1,1,0,20,20,1,0,2060,2060,1,0
42091,42091,EL058,Electrolysis,0,100,6,30,0,1,1,1,1,1,0.7,0,20,20,0,0,2060,2060,0,1
42091,42091,MT058,Net-zero CH4,0,100,6,30,0,1,1,1,1,1,0.5,0,20,20,0,0,2060,2060,1,0
42013,42013,BM059,Biomethane,0,100,6,30,0,1,1,1,1,1,1,0,20,20,1,0,2060,2060,1,0
42013,42013,EL059,Electrolysis,0,100,6,30,0,1,1,1,1,1,0.7,0,20,20,0,0,2060,2060,0,1
42013,42013,MT059,Net-zero CH4,0,100,6,30,0,1,1,1,1,1,0.5,0,20,20,0,0,2060,2060,1,0
42033,42033,BM060,Biomethane,0,100,6,30,0,1,1,1,1,1,1,0,20,20,1,0,2060,2060,1,0
42033,42033,EL060,Electrolysis,0,100,6,30,0,1,1,1,1,1,0.7,0,20,20,0,0,2060,2060,0,1
42033,42033,MT060,Net-zero CH4,0,100,6,30,0,1,1,1,1,1,0.5,0,20,20,0,0,2060,2060,1,0
42113,42113,BM061,Biomethane,0,100,6,30,0,1,1,1,1,1,1,0,20,20,1,0,2060,2060,1,0
42113,42113,EL061,Electrolysis,0,100,6,30,0,1,1,1,1,1,0.7,0,20,20,0,0,2060,2060,0,1
42113,42113,MT061,Net-zero CH4,0,100,6,30,0,1,1,1,1,1,0.5,0,20,20,0,0,2060,2060,1,0
09180,09180,BM062,Biomethane,0,100,6,30,0,1,1,1,1,1,1,0,20,20,1,0,2060,2060,1,0
09180,09180,EL062,Electrolysis,0,100,6,30,0,1,1,1,1,1,0.7,0,20,20,0,0,2060,2060,0,1
09180,09180,MT062,Net-zero CH4,0,100,6,30,0,1,1,1,1,1,0.5,0,20,20,0,0,2060,2060,1,0
42111,42111,BM063,Biomethane,0,100,6,30,0,1,1,1,1,1,1,0,20,20,1,0,2060,2060,1,0
42111,42111,EL063,Electrolysis,0,100,6,30,0,1,1,1,1,1,0.7,0,20,20,0,0,2060,2060,0,1
42111,42111,MT063,Net-zero CH4,0,100,6,30,0,1,1,1,1,1,0.5,0,20,20,0,0,2060,2060,1,0
42101,42101,BM064,Biomethane,0,100,6,30,0,1,1,1,1,1,1,0,20,20,1,0,2060,2060,1,0
42101,42101,EL064,Electrolysis,0,100,6,30,0,1,1,1,1,1,0.7,0,20,20,0,0,2060,2060,0,1
42101,42101,MT064,Net-zero CH4,0,100,6,30,0,1,1,1,1,1,0.5,0,20,20,0,0,2060,2060,1,0
36111,36111,BM065,Biomethane,0,100,6,30,0,1,1,1,1,1,1,0,20,20,1,0,2060,2060,1,0
36111,36111,EL065,Electrolysis,0,100,6,30,0,1,1,1,1,1,0.7,0,20,20,0,0,2060,2060,0,1
36111,36111,MT065,Net-zero CH4,0,100,6,30,0,1,1,1,1,1,0.5,0,20,20,0,0,2060,2060,1,0
36081,36081,BM066,Biomethane,0,100,6,30,0,1,1,1,1,1,1,0,20,20,1,0,2060,2060,1,0
36081,36081,EL066,Electrolysis,0,100,6,30,0,1,1,1,1,1,0.7,0,20,20,0,0,2060,2060,0,1
36081,36081,MT066,Net-zero CH4,0,100,6,30,0,1,1,1,1,1,0.5,0,20,20,0,0,2060,2060,1,0
25011,25011,BM067,Biomethane,0,100,6,30,0,1,1,1,1,1,1,0,20,20,1,0,2060,2060,1,0
25011,25011,EL067,Electrolysis,0,100,6,30,0,1,1,1,1,1,0.7,0,20,20,0,0,2060,2060,0,1
25011,25011,MT067,Net-zero CH4,0,100,6,30,0,1,1,1,1,1,0.5,0,20,20,0,0,2060,2060,1,0
42125,42125,BM068,Biomethane,0,100,6,30,0,1,1,1,1,1,1,0,20,20,1,0,2060,2060,1,0
42125,42125,EL068,Electrolysis,0,100,6,30,0,1,1,1,1,1,0.7,0,20,20,0,0,2060,2060,0,1
42125,42125,MT068,Net-zero CH4,0,100,6,30,0,1,1,1,1,1,0.5,0,20,20,0,0,2060,2060,1,0
34001,34001,BM069,Biomethane,0,100,6,30,0,1,1,1,1,1,1,0,20,20,1,0,2060,2060,1,0
34001,34001,EL069,Electrolysis,0,100,6,30,0,1,1,1,1,1,0.7,0,20,20,0,0,2060,2060,0,1
34001,34001,MT069,Net-zero CH4,0,100,6,30,0,1,1,1,1,1,0.5,0,20,20,0,0,2060,2060,1,0
09130,09130,BM070,Biomethane,0,100,6,30,0,1,1,1,1,1,1,0,20,20,1,0,2060,2060,1,0
09130,09130,EL070,Electrolysis,0,100,6,30,0,1,1,1,1,1,0.7,0,20,20,0,0,2060,2060,0,1
09130,09130,MT070,Net-zero CH4,0,100,6,30,0,1,1,1,1,1,0.5,0,20,20,0,0,2060,2060,1,0
36103,36103,BM071,Biomethane,0,100,6,30,0,1,1,1,1,1,1,0,20,20,1,0,2060,2060,1,0
36103,36103,EL071,Electrolysis,0,100,6,30,0,1,1,1,1,1,0.7,0,20,20,0,0,2060,2060,0,1
36103,36103,MT071,Net-zero CH4,0,100,6,30,0,1,1,1,1,1,0.5,0,20,20,0,0,2060,2060,1,0
42017,42017,BM072,Biomethane,0,100,6,30,0,1,1,1,1,1,1,0,20,20,1,0,2060,2060,1,0
42017,42017,EL072,Electrolysis,0,100,6,30,0,1,1,1,1,1,0.7,0,20,20,0,0,2060,2060,0,1
42017,42017,MT072,Net-zero CH4,0,100,6,30,0,1,1,1,1,1,0.5,0,20,20,0,0,2060,2060,1,0
36063,36063,BM073,Biomethane,0,100,6,30,0,1,1,1,1,1,1,0,20,20,1,0,2060,2060,1,0
36063,36063,EL073,Electrolysis,0,100,6,30,0,1,1,1,1,1,0.7,0,20,20,0,0,2060,2060,0,1
36063,36063,MT073,Net-zero CH4,0,100,6,30,0,1,1,1,1,1,0.5,0,20,20,0,0,2060,2060,1,0
36119,36119,BM074,Biomethane,0,100,6,30,0,1,1,1,1,1,1,0,20,20,1,0,2060,2060,1,0
36119,36119,EL074,Electrolysis,0,100,6,30,0,1,1,1,1,1,0.7,0,20,20,0,0,2060,2060,0,1
36119,36119,MT074,Net-zero CH4,0,100,6,30,0,1,1,1,1,1,0.5,0,20,20,0,0,2060,2060,1,0
36105,36105,BM075,Biomethane,0,100,6,30,0,1,1,1,1,1,1,0,20,20,1,0,2060,2060,1,0
36105,36105,EL075,Electrolysis,0,100,6,30,0,1,1,1,1,1,0.7,0,20,20,0,0,2060,2060,0,1
36105,36105,MT075,Net-zero CH4,0,100,6,30,0,1,1,1,1,1,0.5,0,20,20,0,0,2060,2060,1,0
25007,25007,BM076,Biomethane,0,100,6,30,0,1,1,1,1,1,1,0,20,20,1,0,2060,2060,1,0
25007,25007,EL076,Electrolysis,0,100,6,30,0,1,1,1,1,1,0.7,0,20,20,0,0,2060,2060,0,1
25007,25007,MT076,Net-zero CH4,0,100,6,30,0,1,1,1,1,1,0.5,0,20,20,0,0,2060,2060,1,0
34031,34031,BM077,Biomethane,0,100,6,30,0,1,1,1,1,1,1,0,20,20,1,0,2060,2060,1,0
34031,34031,EL077,Electrolysis,0,100,6,30,0,1,1,1,1,1,0.7,0,20,20,0,0,2060,2060,0,1
34031,34031,MT077,Net-zero CH4,0,100,6,30,0,1,1,1,1,1,0.5,0,20,20,0,0,2060,2060,1,0
42097,42097,BM078,Biomethane,0,100,6,30,0,1,1,1,1,1,1,0,20,20,1,0,2060,2060,1,0
42097,42097,EL078,Electrolysis,0,100,6,30,0,1,1,1,1,1,0.7,0,20,20,0,0,2060,2060,0,1
42097,42097,MT078,Net-zero CH4,0,100,6,30,0,1,1,1,1,1,0.5,0,20,20,0,0,2060,2060,1,0
36113,36113,BM079,Biomethane,0,100,6,30,0,1,1,1,1,1,1,0,20,20,1,0,2060,2060,1,0
36113,36113,EL079,Electrolysis,0,100,6,30,0,1,1,1,1,1,0.7,0,20,20,0,0,2060,2060,0,1
36113,36113,MT079,Net-zero CH4,0,100,6,30,0,1,1,1,1,1,0.5,0,20,20,0,0,2060,2060,1,0
36075,36075,BM080,Biomethane,0,100,6,30,0,1,1,1,1,1,1,0,20,20,1,0,2060,2060,1,0
36075,36075,EL080,Electrolysis,0,100,6,30,0,1,1,1,1,1,0.7,0,20,20,0,0,2060,2060,0,1
36075,36075,MT080,Net-zero CH4,0,100,6,30,0,1,1,1,1,1,0.5,0,20,20,0,0,2060,2060,1,0
44005,44005,BM081,Biomethane,0,100,6,30,0,1,1,1,1,1,1,0,20,20,1,0,2060,2060,1,0
44005,44005,EL081,Electrolysis,0,100,6,30,0,1,1,1,1,1,0.7,0,20,20,0,0,2060,2060,0,1
44005,44005,MT081,Net-zero CH4,0,100,6,30,0,1,1,1,1,1,0.5,0,20,20,0,0,2060,2060,1,0
42023,42023,BM082,Biomethane,0,100,6,30,0,1,1,1,1,1,1,0,20,20,1,0,2060,2060,1,0
42023,42023,EL082,Electrolysis,0,100,6,30,0,1,1,1,1,1,0.7,0,20,20,0,0,2060,2060,0,1
42023,42023,MT082,Net-zero CH4,0,100,6,30,0,1,1,1,1,1,0.5,0,20,20,0,0,2060,2060,1,0
42103,42103,BM083,Biomethane,0,100,6,30,0,1,1,1,1,1,1,0,20,20,1,0,2060,2060,1,0
42103,42103,EL083,Electrolysis,0,100,6,30,0,1,1,1,1,1,0.7,0,20,20,0,0,2060,2060,0,1
42103,42103,MT083,Net-zero CH4,0,100,6,30,0,1,1,1,1,1,0.5,0,20,20,0,0,2060,2060,1,0
36059,36059,BM084,Biomethane,0,100,6,30,0,1,1,1,1,1,1,0,20,20,1,0,2060,2060,1,0
36059,36059,EL084,Electrolysis,0,100,6,30,0,1,1,1,1,1,0.7,0,20,20,0,0,2060,2060,0,1
36059,36059,MT084,Net-zero CH4,0,100,6,30,0,1,1,1,1,1,0.5,0,20,20,0,0,2060,2060,1,0
25009,25009,BM085,Biomethane,0,100,6,30,0,1,1,1,1,1,1,0,20,20,1,0,2060,2060,1,0
25009,25009,EL085,Electrolysis,0,100,6,30,0,1,1,1,1,1,0.7,0,20,20,0,0,2060,2060,0,1
25009,25009,MT085,Net-zero CH4,0,100,6,30,0,1,1,1,1,1,0.5,0,20,20,0,0,2060,2060,1,0
34013,34013,BM086,Biomethane,0,100,6,30,0,1,1,1,1,1,1,0,20,20,1,0,2060,2060,1,0
34013,34013,EL086,Electrolysis,0,100,6,30,0,1,1,1,1,1,0.7,0,20,20,0,0,2060,2060,0,1
34013,34013,MT086,Net-zero CH4,0,100,6,30,0,1,1,1,1,1,0.5,0,20,20,0,0,2060,2060,1,0
42089,42089,BM087,Biomethane,0,100,6,30,0,1,1,1,1,1,1,0,20,20,1,0,2060,2060,1,0
42089,42089,EL087,Electrolysis,0,100,6,30,0,1,1,1,1,1,0.7,0,20,20,0,0,2060,2060,0,1
42089,42089,MT087,Net-zero CH4,0,100,6,30,0,1,1,1,1,1,0.5,0,20,20,0,0,2060,2060,1,0
34007,34007,BM088,Biomethane,0,100,6,30,0,1,1,1,1,1,1,0,20,20,1,0,2060,2060,1,0
34007,34007,EL088,Electrolysis,0,100,6,30,0,1,1,1,1,1,0.7,0,20,20,0,0,2060,2060,0,1
34007,34007,MT088,Net-zero CH4,0,100,6,30,0,1,1,1,1,1,0.5,0,20,20,0,0,2060,2060,1,0
42129,42129,BM089,Biomethane,0,100,6,30,0,1,1,1,1,1,1,0,20,20,1,0,2060,2060,1,0
42129,42129,EL089,Electrolysis,0,100,6,30,0,1,1,1,1,1,0.7,0,20,20,0,0,2060,2060,0,1
42129,42129,MT089,Net-zero CH4,0,100,6,30,0,1,1,1,1,1,0.5,0,20,20,0,0,2060,2060,1,0
09190,09190,BM090,Biomethane,0,100,6,30,0,1,1,1,1,1,1,0,20,20,1,0,2060,2060,1,0
09190,09190,EL090,Electrolysis,0,100,6,30,0,1,1,1,1,1,0.7,0,20,20,0,0,2060,2060,0,1
09190,09190,MT090,Net-zero CH4,0,100,6,30,0,1,1,1,1,1,0.5,0,20,20,0,0,2060,2060,1,0
09140,09140,BM091,Biomethane,0,100,6,30,0,1,1,1,1,1,1,0,20,20,1,0,2060,2060,1,0
09140,09140,EL091,Electrolysis,0,100,6,30,0,1,1,1,1,1,0.7,0,20,20,0,0,2060,2060,0,1
09140,09140,MT091,Net-zero CH4,0,100,6,30,0,1,1,1,1,1,0.5,0,20,20,0,0,2060,2060,1,0
09120,09120,BM092,Biomethane,0,100,6,30,0,1,1,1,1,1,1,0,20,20,1,0,2060,2060,1,0
09120,09120,EL092,Electrolysis,0,100,6,30,0,1,1,1,1,1,0.7,0,20,20,0,0,2060,2060,0,1
09120,09120,MT092,Net-zero CH4,0,100,6,30,0,1,1,1,1,1,0.5,0,20,20,0,0,2060,2060,1,0
36079,36079,BM093,Biomethane,0,100,6,30,0,1,1,1,1,1,1,0,20,20,1,0,2060,2060,1,0
36079,36079,EL093,Electrolysis,0,100,6,30,0,1,1,1,1,1,0.7,0,20,20,0,0,2060,2060,0,1
36079,36079,MT093,Net-zero CH4,0,100,6,30,0,1,1,1,1,1,0.5,0,20,20,0,0,2060,2060,1,0
36029,36029,BM094,Biomethane,0,100,6,30,0,1,1,1,1,1,1,0,20,20,1,0,2060,2060,1,0
36029,36029,EL094,Electrolysis,0,100,6,30,0,1,1,1,1,1,0.7,0,20,20,0,0,2060,2060,0,1
36029,36029,MT094,Net-zero CH4,0,100,6,30,0,1,1,1,1,1,0.5,0,20,20,0,0,2060,2060,1,0
36001,36001,BM095,Biomethane,0,100,6,30,0,1,1,1,1,1,1,0,20,20,1,0,2060,2060,1,0
36001,36001,EL095,Electrolysis,0,100,6,30,0,1,1,1,1,1,0.7,0,20,20,0,0,2060,2060,0,1
36001,36001,MT095,Net-zero CH4,0,100,6,30,0,1,1,1,1,1,0.5,0,20,20,0,0,2060,2060,1,0
25019,25019,BM096,Biomethane,0,100,6,30,0,1,1,1,1,1,1,0,20,20,1,0,2060,2060,1,0
25019,25019,EL096,Electrolysis,0,100,6,30,0,1,1,1,1,1,0.7,0,20,20,0,0,2060,2060,0,1
25019,25019,MT096,Net-zero CH4,0,100,6,30,0,1,1,1,1,1,0.5,0,20,20,0,0,2060,2060,1,0
42003,42003,BM097,Biomethane,0,100,6,30,0,1,1,1,1,1,1,0,20,20,1,0,2060,2060,1,0
42003,42003,EL097,Electrolysis,0,100,6,30,0,1,1,1,1,1,0.7,0,20,20,0,0,2060,2060,0,1
42003,42003,MT097,Net-zero CH4,0,100,6,30,0,1,1,1,1,1,0.5,0,20,20,0,0,2060,2060,1,0
42005,42005,BM098,Biomethane,0,100,6,30,0,1,1,1,1,1,1,0,20,20,1,0,2060,2060,1,0
42005,42005,EL098,Electrolysis,0,100,6,30,0,1,1,1,1,1,0.7,0,20,20,0,0,2060,2060,0,1
42005,42005,MT098,Net-zero CH4,0,100,6,30,0,1,1,1,1,1,0.5,0,20,20,0,0,2060,2060,1,0
42119,42119,BM099,Biomethane,0,100,6,30,0,1,1,1,1,1,1,0,20,20,1,0,2060,2060,1,0
42119,42119,EL099,Electrolysis,0,100,6,30,0,1,1,1,1,1,0.7,0,20,20,0,0,2060,2060,0,1
42119,42119,MT099,Net-zero CH4,0,100,6,30,0,1,1,1,1,1,0.5,0,20,20,0,0,2060,2060,1,0
42077,42077,BM100,Biomethane,0,100,6,30,0,1,1,1,1,1,1,0,20,20,1,0,2060,2060,1,0
42077,42077,EL100,Electrolysis,0,100,6,30,0,1,1,1,1,1,0.7,0,20,20,0,0,2060,2060,0,1
42077,42077,MT100,Net-zero CH4,0,100,6,30,0,1,1,1,1,1,0.5,0,20,20,0,0,2060,2060,1,0
42037,42037,BM101,Biomethane,0,100,6,30,0,1,1,1,1,1,1,0,20,20,1,0,2060,2060,1,0
42037,42037,EL101,Electrolysis,0,100,6,30,0,1,1,1,1,1,0.7,0,20,20,0,0,2060,2060,0,1
42037,42037,MT101,Net-zero CH4,0,100,6,30,0,1,1,1,1,1,0.5,0,20,20,0,0,2060,2060,1,0
36023,36023,BM102,Biomethane,0,100,6,30,0,1,1,1,1,1,1,0,20,20,1,0,2060,2060,1,0
36023,36023,EL102,Electrolysis,0,100,6,30,0,1,1,1,1,1,0.7,0,20,20,0,0,2060,2060,0,1
36023,36023,MT102,Net-zero CH4,0,100,6,30,0,1,1,1,1,1,0.5,0,20,20,0,0,2060,2060,1,0
36041,36041,BM103,Biomethane,0,100,6,30,0,1,1,1,1,1,1,0,20,20,1,0,2060,2060,1,0
36041,36041,EL103,Electrolysis,0,100,6,30,0,1,1,1,1,1,0.7,0,20,20,0,0,2060,2060,0,1
36041,36041,MT103,Net-zero CH4,0,100,6,30,0,1,1,1,1,1,0.5,0,20,20,0,0,2060,2060,1,0
36097,36097,BM104,Biomethane,0,100,6,30,0,1,1,1,1,1,1,0,20,20,1,0,2060,2060,1,0
36097,36097,EL104,Electrolysis,0,100,6,30,0,1,1,1,1,1,0.7,0,20,20,0,0,2060,2060,0,1
36097,36097,MT104,Net-zero CH4,0,100,6,30,0,1,1,1,1,1,0.5,0,20,20,0,0,2060,2060,1,0
36123,36123,BM105,Biomethane,0,100,6,30,0,1,1,1,1,1,1,0,20,20,1,0,2060,2060,1,0
36123,36123,EL105,Electrolysis,0,100,6,30,0,1,1,1,1,1,0.7,0,20,20,0,0,2060,2060,0,1
36123,36123,MT105,Net-zero CH4,0,100,6,30,0,1,1,1,1,1,0.5,0,20,20,0,0,2060,2060,1,0
09160,09160,BM106,Biomethane,0,100,6,30,0,1,1,1,1,1,1,0,20,20,1,0,2060,2060,1,0
09160,09160,EL106,Electrolysis,0,100,6,30,0,1,1,1,1,1,0.7,0,20,20,0,0,2060,2060,0,1
09160,09160,MT106,Net-zero CH4,0,100,6,30,0,1,1,1,1,1,0.5,0,20,20,0,0,2060,2060,1,0
36085,36085,BM107,Biomethane,0,100,6,30,0,1,1,1,1,1,1,0,20,20,1,0,2060,2060,1,0
36085,36085,EL107,Electrolysis,0,100,6,30,0,1,1,1,1,1,0.7,0,20,20,0,0,2060,2060,0,1
36085,36085,MT107,Net-zero CH4,0,100,6,30,0,1,1,1,1,1,0.5,0,20,20,0,0,2060,2060,1,0
36033,36033,BM108,Biomethane,0,100,6,30,0,1,1,1,1,1,1,0,20,20,1,0,2060,2060,1,0
36033,36033,EL108,Electrolysis,0,100,6,30,0,1,1,1,1,1,0.7,0,20,20,0,0,2060,2060,0,1
36033,36033,MT108,Net-zero CH4,0,100,6,30,0,1,1,1,1,1,0.5,0,20,20,0,0,2060,2060,1,0
42115,42115,BM109,Biomethane,0,100,6,30,0,1,1,1,1,1,1,0,20,20,1,0,2060,2060,1,0
42115,42115,EL109,Electrolysis,0,100,6,30,0,1,1,1,1,1,0.7,0,20,20,0,0,2060,2060,0,1
42115,42115,MT109,Net-zero CH4,0,100,6,30,0,1,1,1,1,1,0.5,0,20,20,0,0,2060,2060,1,0
36073,36073,BM110,Biomethane,0,100,6,30,0,1,1,1,1,1,1,0,20,20,1,0,2060,2060,1,0
36073,36073,EL110,Electrolysis,0,100,6,30,0,1,1,1,1,1,0.7,0,20,20,0,0,2060,2060,0,1
36073,36073,MT110,Net-zero CH4,0,100,6,30,0,1,1,1,1,1,0.5,0,20,20,0,0,2060,2060,1,0
36005,36005,BM111,Biomethane,0,100,6,30,0,1,1,1,1,1,1,0,20,20,1,0,2060,2060,1,0
36005,36005,EL111,Electrolysis,0,100,6,30,0,1,1,1,1,1,0.7,0,20,20,0,0,2060,2060,0,1
36005,36005,MT111,Net-zero CH4,0,100,6,30,0,1,1,1,1,1,0.5,0,20,20,0,0,2060,2060,1,0
36055,36055,BM112,Biomethane,0,100,6,30,0,1,1,1,1,1,1,0,20,20,1,0,2060,2060,1,0
36055,36055,EL112,Electrolysis,0,100,6,30,0,1,1,1,1,1,0.7,0,20,20,0,0,2060,2060,0,1
36055,36055,MT112,Net-zero CH4,0,100,6,30,0,1,1,1,1,1,0.5,0,20,20,0,0,2060,2060,1,0
36057,36057,BM113,Biomethane,0,100,6,30,0,1,1,1,1,1,1,0,20,20,1,0,2060,2060,1,0
36057,36057,EL113,Electrolysis,0,100,6,30,0,1,1,1,1,1,0.7,0,20,20,0,0,2060,2060,0,1
36057,36057,MT113,Net-zero CH4,0,100,6,30,0,1,1,1,1,1,0.5,0,20,20,0,0,2060,2060,1,0
34029,34029,BM114,Biomethane,0,100,6,30,0,1,1,1,1,1,1,0,20,20,1,0,2060,2060,1,0
34029,34029,EL114,Electrolysis,0,100,6,30,0,1,1,1,1,1,0.7,0,20,20,0,0,2060,2060,0,1
34029,34029,MT114,Net-zero CH4,0,100,6,30,0,1,1,1,1,1,0.5,0,20,20,0,0,2060,2060,1,0
34025,34025,BM115,Biomethane,0,100,6,30,0,1,1,1,1,1,1,0,20,20,1,0,2060,2060,1,0
34025,34025,EL115,Electrolysis,0,100,6,30,0,1,1,1,1,1,0.7,0,20,20,0,0,2060,2060,0,1
34025,34025,MT115,Net-zero CH4,0,100,6,30,0,1,1,1,1,1,0.5,0,20,20,0,0,2060,2060,1,0
34017,34017,BM116,Biomethane,0,100,6,30,0,1,1,1,1,1,1,0,20,20,1,0,2060,2060,1,0
34017,34017,EL116,Electrolysis,0,100,6,30,0,1,1,1,1,1,0.7,0,20,20,0,0,2060,2060,0,1
34017,34017,MT116,Net-zero CH4,0,100,6,30,0,1,1,1,1,1,0.5,0,20,20,0,0,2060,2060,1,0
34039,34039,BM117,Biomethane,0,100,6,30,0,1,1,1,1,1,1,0,20,20,1,0,2060,2060,1,0
34039,34039,EL117,Electrolysis,0,100,6,30,0,1,1,1,1,1,0.7,0,20,20,0,0,2060,2060,0,1
34039,34039,MT117,Net-zero CH4,0,100,6,30,0,1,1,1,1,1,0.5,0,20,20,0,0,2060,2060,1,0
36087,36087,BM118,Biomethane,0,100,6,30,0,1,1,1,1,1,1,0,20,20,1,0,2060,2060,1,0
36087,36087,EL118,Electrolysis,0,100,6,30,0,1,1,1,1,1,0.7,0,20,20,0,0,2060,2060,0,1
36087,36087,MT118,Net-zero CH4,0,100,6,30,0,1,1,1,1,1,0.5,0,20,20,0,0,2060,2060,1,0
36003,36003,BM119,Biomethane,0,100,6,30,0,1,1,1,1,1,1,0,20,20,1,0,2060,2060,1,0
36003,36003,EL119,Electrolysis,0,100,6,30,0,1,1,1,1,1,0.7,0,20,20,0,0,2060,2060,0,1
36003,36003,MT119,Net-zero CH4,0,100,6,30,0,1,1,1,1,1,0.5,0,20,20,0,0,2060,2060,1,0
42073,42073,BM120,Biomethane,0,100,6,30,0,1,1,1,1,1,1,0,20,20,1,0,2060,2060,1,0
42073,42073,EL120,Electrolysis,0,100,6,30,0,1,1,1,1,1,0.7,0,20,20,0,0,2060,2060,0,1
42073,42073,MT120,Net-zero CH4,0,100,6,30,0,1,1,1,1,1,0.5,0,20,20,0,0,2060,2060,1,0
42009,42009,BM121,Biomethane,0,100,6,30,0,1,1,1,1,1,1,0,20,20,1,0,2060,2060,1,0
42009,42009,EL121,Electrolysis,0,100,6,30,0,1,1,1,1,1,0.7,0,20,20,0,0,2060,2060,0,1
42009,42009,MT121,Net-zero CH4,0,100,6,30,0,1,1,1,1,1,0.5,0,20,20,0,0,2060,2060,1,0
36021,36021,BM122,Biomethane,0,100,6,30,0,1,1,1,1,1,1,0,20,20,1,0,2060,2060,1,0
36021,36021,EL122,Electrolysis,0,100,6,30,0,1,1,1,1,1,0.7,0,20,20,0,0,2060,2060,0,1
36021,36021,MT122,Net-zero CH4,0,100,6,30,0,1,1,1,1,1,0.5,0,20,20,0,0,2060,2060,1,0
42085,42085,BM123,Biomethane,0,100,6,30,0,1,1,1,1,1,1,0,20,20,1,0,2060,2060,1,0
42085,42085,EL123,Electrolysis,0,100,6,30,0,1,1,1,1,1,0.7,0,20,20,0,0,2060,2060,0,1
42085,42085,MT123,Net-zero CH4,0,100,6,30,0,1,1,1,1,1,0.5,0,20,20,0,0,2060,2060,1,0
42083,42083,BM124,Biomethane,0,100,6,30,0,1,1,1,1,1,1,0,20,20,1,0,2060,2060,1,0
42083,42083,EL124,Electrolysis,0,100,6,30,0,1,1,1,1,1,0.7,0,20,20,0,0,2060,2060,0,1
42083,42083,MT124,Net-zero CH4,0,100,6,30,0,1,1,1,1,1,0.5,0,20,20,0,0,2060,2060,1,0
42015,42015,BM125,Biomethane,0,100,6,30,0,1,1,1,1,1,1,0,20,20,1,0,2060,2060,1,0
42015,42015,EL125,Electrolysis,0,100,6,30,0,1,1,1,1,1,0.7,0,20,20,0,0,2060,2060,0,1
42015,42015,MT125,Net-zero CH4,0,100,6,30,0,1,1,1,1,1,0.5,0,20,20,0,0,2060,2060,1,0
42123,42123,BM126,Biomethane,0,100,6,30,0,1,1,1,1,1,1,0,20,20,1,0,2060,2060,1,0
42123,42123,EL126,Electrolysis,0,100,6,30,0,1,1,1,1,1,0.7,0,20,20,0,0,2060,2060,0,1
42123,42123,MT126,Net-zero CH4,0,100,6,30,0,1,1,1,1,1,0.5,0,20,20,0,0,2060,2060,1,0
44001,44001,BM127,Biomethane,0,100,6,30,0,1,1,1,1,1,1,0,20,20,1,0,2060,2060,1,0
44001,44001,EL127,Electrolysis,0,100,6,30,0,1,1,1,1,1,0.7,0,20,20,0,0,2060,2060,0,1
44001,44001,MT127,Net-zero CH4,0,100,6,30,0,1,1,1,1,1,0.5,0,20,20,0,0,2060,2060,1,0
36069,36069,BM128,Biomethane,0,100,6,30,0,1,1,1,1,1,1,0,20,20,1,0,2060,2060,1,0
36069,36069,EL128,Electrolysis,0,100,6,30,0,1,1,1,1,1,0.7,0,20,20,0,0,2060,2060,0,1
36069,36069,MT128,Net-zero CH4,0,100,6,30,0,1,1,1,1,1,0.5,0,20,20,0,0,2060,2060,1,0
36083,36083,BM129,Biomethane,0,100,6,30,0,1,1,1,1,1,1,0,20,20,1,0,2060,2060,1,0
36083,36083,EL129,Electrolysis,0,100,6,30,0,1,1,1,1,1,0.7,0,20,20,0,0,2060,2060,0,1
36083,36083,MT129,Net-zero CH4,0,100,6,30,0,1,1,1,1,1,0.5,0,20,20,0,0,2060,2060,1,0
36093,36093,BM130,Biomethane,0,100,6,30,0,1,1,1,1,1,1,0,20,20,1,0,2060,2060,1,0
36093,36093,EL130,Electrolysis,0,100,6,30,0,1,1,1,1,1,0.7,0,20,20,0,0,2060,2060,0,1
36093,36093,MT130,Net-zero CH4,0,100,6,30,0,1,1,1,1,1,0.5,0,20,20,0,0,2060,2060,1,0
36035,36035,BM131,Biomethane,0,100,6,30,0,1,1,1,1,1,1,0,20,20,1,0,2060,2060,1,0
36035,36035,EL131,Electrolysis,0,100,6,30,0,1,1,1,1,1,0.7,0,20,20,0,0,2060,2060,0,1
36035,36035,MT131,Net-zero CH4,0,100,6,30,0,1,1,1,1,1,0.5,0,20,20,0,0,2060,2060,1,0
36007,36007,BM132,Biomethane,0,100,6,30,0,1,1,1,1,1,1,0,20,20,1,0,2060,2060,1,0
36007,36007,EL132,Electrolysis,0,100,6,30,0,1,1,1,1,1,0.7,0,20,20,0,0,2060,2060,0,1
36007,36007,MT132,Net-zero CH4,0,100,6,30,0,1,1,1,1,1,0.5,0,20,20,0,0,2060,2060,1,0
36107,36107,BM133,Biomethane,0,100,6,30,0,1,1,1,1,1,1,0,20,20,1,0,2060,2060,1,0
36107,36107,EL133,Electrolysis,0,100,6,30,0,1,1,1,1,1,0.7,0,20,20,0,0,2060,2060,0,1
36107,36107,MT133,Net-zero CH4,0,100,6,30,0,1,1,1,1,1,0.5,0,20,20,0,0,2060,2060,1,0
36027,36027,BM134,Biomethane,0,100,6,30,0,1,1,1,1,1,1,0,20,20,1,0,2060,2060,1,0
36027,36027,EL134,Electrolysis,0,100,6,30,0,1,1,1,1,1,0.7,0,20,20,0,0,2060,2060,0,1
36027,36027,MT134,Net-zero CH4,0,100,6,30,0,1,1,1,1,1,0.5,0,20,20,0,0,2060,2060,1,0
42117,42117,BM135,Biomethane,0,100,6,30,0,1,1,1,1,1,1,0,20,20,1,0,2060,2060,1,0
42117,42117,EL135,Electrolysis,0,100,6,30,0,1,1,1,1,1,0.7,0,20,20,0,0,2060,2060,0,1
42117,42117,MT135,Net-zero CH4,0,100,6,30,0,1,1,1,1,1,0.5,0,20,20,0,0,2060,2060,1,0
44003,44003,BM136,Biomethane,0,100,6,30,0,1,1,1,1,1,1,0,20,20,1,0,2060,2060,1,0
44003,44003,EL136,Electrolysis,0,100,6,30,0,1,1,1,1,1,0.7,0,20,20,0,0,2060,2060,0,1
44003,44003,MT136,Net-zero CH4,0,100,6,30,0,1,1,1,1,1,0.5,0,20,20,0,0,2060,2060,1,0
36101,36101,BM137,Biomethane,0,100,6,30,0,1,1,1,1,1,1,0,20,20,1,0,2060,2060,1,0
36101,36101,EL137,Electrolysis,0,100,6,30,0,1,1,1,1,1,0.7,0,20,20,0,0,2060,2060,0,1
36101,36101,MT137,Net-zero CH4,0,100,6,30,0,1,1,1,1,1,0.5,0,20,20,0,0,2060,2060,1,0
25023,25023,BM138,Biomethane,0,100,6,30,0,1,1,1,1,1,1,0,20,20,1,0,2060,2060,1,0
25023,25023,EL138,Electrolysis,0,100,6,30,0,1,1,1,1,1,0.7,0,20,20,0,0,2060,2060,0,1
25023,25023,MT138,Net-zero CH4,0,100,6,30,0,1,1,1,1,1,0.5,0,20,20,0,0,2060,2060,1,0
42105,42105,BM139,Biomethane,0,100,6,30,0,1,1,1,1,1,1,0,20,20,1,0,2060,2060,1,0
42105,42105,EL139,Electrolysis,0,100,6,30,0,1,1,1,1,1,0.7,0,20,20,0,0,2060,2060,0,1
42105,42105,MT139,Net-zero CH4,0,100,6,30,0,1,1,1,1,1,0.5,0,20,20,0,0,2060,2060,1,0
42011,42011,BM140,Biomethane,0,100,6,30,0,1,1,1,1,1,1,0,20,20,1,0,2060,2060,1,0
42011,42011,EL140,Electrolysis,0,100,6,30,0,1,1,1,1,1,0.7,0,20,20,0,0,2060,2060,0,1
42011,42011,MT140,Net-zero CH4,0,100,6,30,0,1,1,1,1,1,0.5,0,20,20,0,0,2060,2060,1,0
42087,42087,BM141,Biomethane,0,100,6,30,0,1,1,1,1,1,1,0,20,20,1,0,2060,2060,1,0
42087,42087,EL141,Electrolysis,0,100,6,30,0,1,1,1,1,1,0.7,0,20,20,0,0,2060,2060,0,1
42087,42087,MT141,Net-zero CH4,0,100,6,30,0,1,1,1,1,1,0.5,0,20,20,0,0,2060,2060,1,0
36109,36109,BM142,Biomethane,0,100,6,30,0,1,1,1,1,1,1,0,20,20,1,0,2060,2060,1,0
36109,36109,EL142,Electrolysis,0,100,6,30,0,1,1,1,1,1,0.7,0,20,20,0,0,2060,2060,0,1
36109,36109,MT142,Net-zero CH4,0,100,6,30,0,1,1,1,1,1,0.5,0,20,20,0,0,2060,2060,1,0
42053,42053,BM143,Biomethane,0,100,6,30,0,1,1,1,1,1,1,0,20,20,1,0,2060,2060,1,0
42053,42053,EL143,Electrolysis,0,100,6,30,0,1,1,1,1,1,0.7,0,20,20,0,0,2060,2060,0,1
42053,42053,MT143,Net-zero CH4,0,100,6,30,0,1,1,1,1,1,0.5,0,20,20,0,0,2060,2060,1,0
42093,42093,BM144,Biomethane,0,100,6,30,0,1,1,1,1,1,1,0,20,20,1,0,2060,2060,1,0
42093,42093,EL144,Electrolysis,0,100,6,30,0,1,1,1,1,1,0.7,0,20,20,0,0,2060,2060,0,1
42093,42093,MT144,Net-zero CH4,0,100,6,30,0,1,1,1,1,1,0.5,0,20,20,0,0,2060,2060,1,0
42107,42107,BM145,Biomethane,0,100,6,30,0,1,1,1,1,1,1,0,20,20,1,0,2060,2060,1,0
42107,42107,EL145,Electrolysis,0,100,6,30,0,1,1,1,1,1,0.7,0,20,20,0,0,2060,2060,0,1
42107,42107,MT145,Net-zero CH4,0,100,6,30,0,1,1,1,1,1,0.5,0,20,20,0,0,2060,2060,1,0
36121,36121,BM146,Biomethane,0,100,6,30,0,1,1,1,1,1,1,0,20,20,1,0,2060,2060,1,0
36121,36121,EL146,Electrolysis,0,100,6,30,0,1,1,1,1,1,0.7,0,20,20,0,0,2060,2060,0,1
36121,36121,MT146,Net-zero CH4,0,100,6,30,0,1,1,1,1,1,0.5,0,20,20,0,0,2060,2060,1,0
42065,42065,BM147,Biomethane,0,100,6,30,0,1,1,1,1,1,1,0,20,20,1,0,2060,2060,1,0
42065,42065,EL147,Electrolysis,0,100,6,30,0,1,1,1,1,1,0.7,0,20,20,0,0,2060,2060,0,1
42065,42065,MT147,Net-zero CH4,0,100,6,30,0,1,1,1,1,1,0.5,0,20,20,0,0,2060,2060,1,0
42047,42047,BM148,Biomethane,0,100,6,30,0,1,1,1,1,1,1,0,20,20,1,0,2060,2060,1,0
42047,42047,EL148,Electrolysis,0,100,6,30,0,1,1,1,1,1,0.7,0,20,20,0,0,2060,2060,0,1
42047,42047,MT148,Net-zero CH4,0,100,6,30,0,1,1,1,1,1,0.5,0,20,20,0,0,2060,2060,1,0
42069,42069,BM149,Biomethane,0,100,6,30,0,1,1,1,1,1,1,0,20,20,1,0,2060,2060,1,0
42069,42069,EL149,Electrolysis,0,100,6,30,0,1,1,1,1,1,0.7,0,20,20,0,0,2060,2060,0,1
42069,42069,MT149,Net-zero CH4,0,100,6,30,0,1,1,1,1,1,0.5,0,20,20,0,0,2060,2060,1,0
42041,42041,BM150,Biomethane,0,100,6,30,0,1,1,1,1,1,1,0,20,20,1,0,2060,2060,1,0
42041,42041,EL150,Electrolysis,0,100,6,30,0,1,1,1,1,1,0.7,0,20,20,0,0,2060,2060,0,1
42041,42041,MT150,Net-zero CH4,0,100,6,30,0,1,1,1,1,1,0.5,0,20,20,0,0,2060,2060,1,0
42007,42007,BM151,Biomethane,0,100,6,30,0,1,1,1,1,1,1,0,20,20,1,0,2060,2060,1,0
42007,42007,EL151,Electrolysis,0,100,6,30,0,1,1,1,1,1,0.7,0,20,20,0,0,2060,2060,0,1
42007,42007,MT151,Net-zero CH4,0,100,6,30,0,1,1,1,1,1,0.5,0,20,20,0,0,2060,2060,1,0
36015,36015,BM152,Biomethane,0,100,6,30,0,1,1,1,1,1,1,0,20,20,1,0,2060,2060,1,0
36015,36015,EL152,Electrolysis,0,100,6,30,0,1,1,1,1,1,0.7,0,20,20,0,0,2060,2060,0,1
36015,36015,MT152,Net-zero CH4,0,100,6,30,0,1,1,1,1,1,0.5,0,20,20,0,0,2060,2060,1,0
36117,36117,BM153,Biomethane,0,100,6,30,0,1,1,1,1,1,1,0,20,20,1,0,2060,2060,1,0
36117,36117,EL153,Electrolysis,0,100,6,30,0,1,1,1,1,1,0.7,0,20,20,0,0,2060,2060,0,1
36117,36117,MT153,Net-zero CH4,0,100,6,30,0,1,1,1,1,1,0.5,0,20,20,0,0,2060,2060,1,0
36011,36011,BM154,Biomethane,0,100,6,30,0,1,1,1,1,1,1,0,20,20,1,0,2060,2060,1,0
36011,36011,EL154,Electrolysis,0,100,6,30,0,1,1,1,1,1,0.7,0,20,20,0,0,2060,2060,0,1
36011,36011,MT154,Net-zero CH4,0,100,6,30,0,1,1,1,1,1,0.5,0,20,20,0,0,2060,2060,1,0
09150,09150,BM155,Biomethane,0,100,6,30,0,1,1,1,1,1,1,0,20,20,1,0,2060,2060,1,0
09150,09150,EL155,Electrolysis,0,100,6,30,0,1,1,1,1,1,0.7,0,20,20,0,0,2060,2060,0,1
09150,09150,MT155,Net-zero CH4,0,100,6,30,0,1,1,1,1,1,0.5,0,20,20,0,0,2060,2060,1,0
36095,36095,BM156,Biomethane,0,100,6,30,0,1,1,1,1,1,1,0,20,20,1,0,2060,2060,1,0
36095,36095,EL156,Electrolysis,0,100,6,30,0,1,1,1,1,1,0.7,0,20,20,0,0,2060,2060,0,1
36095,36095,MT156,Net-zero CH4,0,100,6,30,0,1,1,1,1,1,0.5,0,20,20,0,0,2060,2060,1,0
36099,36099,BM157,Biomethane,0,100,6,30,0,1,1,1,1,1,1,0,20,20,1,0,2060,2060,1,0
36099,36099,EL157,Electrolysis,0,100,6,30,0,1,1,1,1,1,0.7,0,20,20,0,0,2060,2060,0,1
36099,36099,MT157,Net-zero CH4,0,100,6,30,0,1,1,1,1,1,0.5,0,20,20,0,0,2060,2060,1,0
36037,36037,BM158,Biomethane,0,100,6,30,0,1,1,1,1,1,1,0,20,20,1,0,2060,2060,1,0
36037,36037,EL158,Electrolysis,0,100,6,30,0,1,1,1,1,1,0.7,0,20,20,0,0,2060,2060,0,1
36037,36037,MT158,Net-zero CH4,0,100,6,30,0,1,1,1,1,1,0.5,0,20,20,0,0,2060,2060,1,0
42057,42057,BM159,Biomethane,0,100,6,30,0,1,1,1,1,1,1,0,20,20,1,0,2060,2060,1,0
42057,42057,EL159,Electrolysis,0,100,6,30,0,1,1,1,1,1,0.7,0,20,20,0,0,2060,2060,0,1
42057,42057,MT159,Net-zero CH4,0,100,6,30,0,1,1,1,1,1,0.5,0,20,20,0,0,2060,2060,1,0
42039,42039,BM160,Biomethane,0,100,6,30,0,1,1,1,1,1,1,0,20,20,1,0,2060,2060,1,0
42039,42039,EL160,Electrolysis,0,100,6,30,0,1,1,1,1,1,0.7,0,20,20,0,0,2060,2060,0,1
42039,42039,MT160,Net-zero CH4,0,100,6,30,0,1,1,1,1,1,0.5,0,20,20,0,0,2060,2060,1,0
36039,36039,BM161,Biomethane,0,100,6,30,0,1,1,1,1,1,1,0,20,20,1,0,2060,2060,1,0
36039,36039,EL161,Electrolysis,0,100,6,30,0,1,1,1,1,1,0.7,0,20,20,0,0,2060,2060,0,1
36039,36039,MT161,Net-zero CH4,0,100,6,30,0,1,1,1,1,1,0.5,0,20,20,0,0,2060,2060,1,0
42079,42079,BM162,Biomethane,0,100,6,30,0,1,1,1,1,1,1,0,20,20,1,0,2060,2060,1,0
42079,42079,EL162,Electrolysis,0,100,6,30,0,1,1,1,1,1,0.7,0,20,20,0,0,2060,2060,0,1
42079,42079,MT162,Net-zero CH4,0,100,6,30,0,1,1,1,1,1,0.5,0,20,20,0,0,2060,2060,1,0
42081,42081,BM163,Biomethane,0,100,6,30,0,1,1,1,1,1,1,0,20,20,1,0,2060,2060,1,0
42081,42081,EL163,Electrolysis,0,100,6,30,0,1,1,1,1,1,0.7,0,20,20,0,0,2060,2060,0,1
42081,42081,MT163,Net-zero CH4,0,100,6,30,0,1,1,1,1,1,0.5,0,20,20,0,0,2060,2060,1,0
42075,42075,BM164,Biomethane,0,100,6,30,0,1,1,1,1,1,1,0,20,20,1,0,2060,2060,1,0
42075,42075,EL164,Electrolysis,0,100,6,30,0,1,1,1,1,1,0.7,0,20,20,0,0,2060,2060,0,1
42075,42075,MT164,Net-zero CH4,0,100,6,30,0,1,1,1,1,1,0.5,0,20,20,0,0,2060,2060,1,0
42019,42019,BM165,Biomethane,0,100,6,30,0,1,1,1,1,1,1,0,20,20,1,0,2060,2060,1,0
42019,42019,EL165,Electrolysis,0,100,6,30,0,1,1,1,1,1,0.7,0,20,20,0,0,2060,2060,0,1
42019,42019,MT165,Net-zero CH4,0,100,6,30,0,1,1,1,1,1,0.5,0,20,20,0,0,2060,2060,1,0
42021,42021,BM166,Biomethane,0,100,6,30,0,1,1,1,1,1,1,0,20,20,1,0,2060,2060,1,0
42021,42021,EL166,Electrolysis,0,100,6,30,0,1,1,1,1,1,0.7,0,20,20,0,0,2060,2060,0,1
42021,42021,MT166,Net-zero CH4,0,100,6,30,0,1,1,1,1,1,0.5,0,20,20,0,0,2060,2060,1,0
34037,34037,BM167,Biomethane,0,100,6,30,0,1,1,1,1,1,1,0,20,20,1,0,2060,2060,1,0
34037,34037,EL167,Electrolysis,0,100,6,30,0,1,1,1,1,1,0.7,0,20,20,0,0,2060,2060,0,1
34037,34037,MT167,Net-zero CH4,0,100,6,30,0,1,1,1,1,1,0.5,0,20,20,0,0,2060,2060,1,0
42121,42121,BM168,Biomethane,0,100,6,30,0,1,1,1,1,1,1,0,20,20,1,0,2060,2060,1,0
42121,42121,EL168,Electrolysis,0,100,6,30,0,1,1,1,1,1,0.7,0,20,20,0,0,2060,2060,0,1
42121,42121,MT168,Net-zero CH4,0,100,6,30,0,1,1,1,1,1,0.5,0,20,20,0,0,2060,2060,1,0
44009,44009,BM169,Biomethane,0,100,6,30,0,1,1,1,1,1,1,0,20,20,1,0,2060,2060,1,0
44009,44009,EL169,Electrolysis,0,100,6,30,0,1,1,1,1,1,0.7,0,20,20,0,0,2060,2060,0,1
44009,44009,MT169,Net-zero CH4,0,100,6,30,0,1,1,1,1,1,0.5,0,20,20,0,0,2060,2060,1,0
25021,25021,BM170,Biomethane,0,100,6,30,0,1,1,1,1,1,1,0,20,20,1,0,2060,2060,1,0
25021,25021,EL170,Electrolysis,0,100,6,30,0,1,1,1,1,1,0.7,0,20,20,0,0,2060,2060,0,1
25021,25021,MT170,Net-zero CH4,0,100,6,30,0,1,1,1,1,1,0.5,0,20,20,0,0,2060,2060,1,0
36089,36089,BM171,Biomethane,0,100,6,30,0,1,1,1,1,1,1,0,20,20,1,0,2060,2060,1,0
36089,36089,EL171,Electrolysis,0,100,6,30,0,1,1,1,1,1,0.7,0,20,20,0,0,2060,2060,0,1
36089,36089,MT171,Net-zero CH4,0,100,6,30,0,1,1,1,1,1,0.5,0,20,20,0,0,2060,2060,1,0
42109,42109,BM172,Biomethane,0,100,6,30,0,1,1,1,1,1,1,0,20,20,1,0,2060,2060,1,0
42109,42109,EL172,Electrolysis,0,100,6,30,0,1,1,1,1,1,0.7,0,20,20,0,0,2060,2060,0,1
42109,42109,MT172,Net-zero CH4,0,100,6,30,0,1,1,1,1,1,0.5,0,20,20,0,0,2060,2060,1,0
42001,42001,BM173,Biomethane,0,100,6,30,0,1,1,1,1,1,1,0,20,20,1,0,2060,2060,1,0
42001,42001,EL173,Electrolysis,0,100,6,30,0,1,1,1,1,1,0.7,0,20,20,0,0,2060,2060,0,1
42001,42001,MT173,Net-zero CH4,0,100,6,30,0,1,1,1,1,1,0.5,0,20,20,0,0,2060,2060,1,0
25003,25003,BM174,Biomethane,0,100,6,30,0,1,1,1,1,1,1,0,20,20,1,0,2060,2060,1,0
25003,25003,EL174,Electrolysis,0,100,6,30,0,1,1,1,1,1,0.7,0,20,20,0,0,2060,2060,0,1
25003,25003,MT174,Net-zero CH4,0,100,6,30,0,1,1,1,1,1,0.5,0,20,20,0,0,2060,2060,1,0
42025,42025,BM175,Biomethane,0,100,6,30,0,1,1,1,1,1,1,0,20,20,1,0,2060,2060,1,0
42025,42025,EL175,Electrolysis,0,100,6,30,0,1,1,1,1,1,0.7,0,20,20,0,0,2060,2060,0,1
42025,42025,MT175,Net-zero CH4,0,100,6,30,0,1,1,1,1,1,0.5,0,20,20,0,0,2060,2060,1,0
42131,42131,BM176,Biomethane,0,100,6,30,0,1,1,1,1,1,1,0,20,20,1,0,2060,2060,1,0
42131,42131,EL176,Electrolysis,0,100,6,30,0,1,1,1,1,1,0.7,0,20,20,0,0,2060,2060,0,1
42131,42131,MT176,Net-zero CH4,0,100,6,30,0,1,1,1,1,1,0.5,0,20,20,0,0,2060,2060,1,0
36049,36049,BM177,Biomethane,0,100,6,30,0,1,1,1,1,1,1,0,20,20,1,0,2060,2060,1,0
36049,36049,EL177,Electrolysis,0,100,6,30,0,1,1,1,1,1,0.7,0,20,20,0,0,2060,2060,0,1
36049,36049,MT177,Net-zero CH4,0,100,6,30,0,1,1,1,1,1,0.5,0,20,20,0,0,2060,2060,1,0
