NodeELEC,NodeGAS,P2HID,PrimeMover,ExistingUnits,UnitSize,MaxNewAnnual,MaxNewTotal,Pmin,Pmax,RampDown,RampUp,MinUp,MinDown,ETA,EconomicLifetime,Lifetime,InstallYear,ForcedRetirement
36067,36067,EB000,Electric boiler,0,100,3,15,0,1,1,1,24,24,0.99,20,20,2060,2060
36071,36071,EB001,Electric boiler,0,100,3,15,0,1,1,1,24,24,0.99,20,20,2060,2060
36017,36017,EB002,Electric boiler,0,100,3,15,0,1,1,1,24,24,0.99,20,20,2060,2060
25001,25001,EB003,Electric boiler,0,100,3,15,0,1,1,1,24,24,0.99,20,20,2060,2060
25013,25013,EB004,Electric boiler,0,100,3,15,0,1,1,1,24,24,0.99,20,20,2060,2060
34011,34011,EB005,Electric boiler,0,100,3,15,0,1,1,1,24,24,0.99,20,20,2060,2060
34041,34041,EB006,Electric boiler,0,100,3,15,0,1,1,1,24,24,0.99,20,20,2060,2060
34005,34005,EB007,Electric boiler,0,100,3,15,0,1,1,1,24,24,0.99,20,20,2060,2060
34023,34023,EB008,Electric boiler,0,100,3,15,0,1,1,1,24,24,0.99,20,20,2060,2060
42045,42045,EB009,Electric boiler,0,100,3,15,0,1,1,1,24,24,0.99,20,20,2060,2060
42049,42049,EB010,Electric boiler,0,100,3,15,0,1,1,1,24,24,0.99,20,20,2060,2060
42059,42059,EB011,Electric boiler,0,100,3,15,0,1,1,1,24,24,0.99,20,20,2060,2060
25015,25015,EB012,Electric boiler,0,100,3,15,0,1,1,1,24,24,0.99,20,20,2060,2060
36053,36053,EB013,Electric boiler,0,100,3,15,0,1,1,1,24,24,0.99,20,20,2060,2060
36077,36077,EB014,Electric boiler,0,100,3,15,0,1,1,1,24,24,0.99,20,20,2060,2060
36051,36051,EB015,Electric boiler,0,100,3,15,0,1,1,1,24,24,0.99,20,20,2060,2060
42071,42071,EB016,Electric boiler,0,100,3,15,0,1,1,1,24,24,0.99,20,20,2060,2060
42043,42043,EB017,Electric boiler,0,100,3,15,0,1,1,1,24,24,0.99,20,20,2060,2060
42067,42067,EB018,Electric boiler,0,100,3,15,0,1,1,1,24,24,0.99,20,20,2060,2060
42027,42027,EB019,Electric boiler,0,100,3,15,0,1,1,1,24,24,0.99,20,20,2060,2060
42035,42035,EB020,Electric boiler,0,100,3,15,0,1,1,1,24,24,0.99,20,20,2060,2060
42063,42063,EB021,Electric boiler,0,100,3,15,0,1,1,1,24,24,0.99,20,20,2060,2060
42099,42099,EB022,Electric boiler,0,100,3,15,0,1,1,1,24,24,0.99,20,20,2060,2060
09110,09110,EB023,Electric boiler,0,100,3,15,0,1,1,1,24,24,0.99,20,20,2060,2060
42051,42051,EB024,Electric boiler,0,100,3,15,0,1,1,1,24,24,0.99,20,20,2060,2060
42055,42055,EB025,Electric boiler,0,100,3,15,0,1,1,1,24,24,0.99,20,20,2060,2060
44007,44007,EB026,Electric boiler,0,100,3,15,0,1,1,1,24,24,0.99,20,20,2060,2060
36025,36025,EB027,Electric boiler,0,100,3,15,0,1,1,1,24,24,0.99,20,20,2060,2060
36061,36061,EB028,Electric boiler,0,100,3,15,0,1,1,1,24,24,0.99,20,20,2060,2060
36065,36065,EB029,Electric boiler,0,100,3,15,0,1,1,1,24,24,0.99,20,20,2060,2060
36115,36115,EB030,Electric boiler,0,100,3,15,0,1,1,1,24,24,0.99,20,20,2060,2060
36009,36009,EB031,Electric boiler,0,100,3,15,0,1,1,1,24,24,0.99,20,20,2060,2060
25025,25025,EB032,Electric boiler,0,100,3,15,0,1,1,1,24,24,0.99,20,20,2060,2060
25005,25005,EB033,Electric boiler,0,100,3,15,0,1,1,1,24,24,0.99,20,20,2060,2060
34009,34009,EB034,Electric boiler,0,100,3,15,0,1,1,1,24,24,0.99,20,20,2060,2060
34015,34015,EB035,Electric boiler,0,100,3,15,0,1,1,1,24,24,0.99,20,20,2060,2060
34003,34003,EB036,Electric boiler,0,100,3,15,0,1,1,1,24,24,0.99,20,20,2060,2060
34019,34019,EB037,Electric boiler,0,100,3,15,0,1,1,1,24,24,0.99,20,20,2060,2060
36045,36045,EB038,Electric boiler,0,100,3,15,0,1,1,1,24,24,0.99,20,20,2060,2060
36019,36019,EB039,Electric boiler,0,100,3,15,0,1,1,1,24,24,0.99,20,20,2060,2060
36031,36031,EB040,Electric boiler,0,100,3,15,0,1,1,1,24,24,0.99,20,20,2060,2060
34027,34027,EB041,Electric boiler,0,100,3,15,0,1,1,1,24,24,0.99,20,20,2060,2060
36091,36091,EB042,Electric boiler,0,100,3,15,0,1,1,1,24,24,0.99,20,20,2060,2060
42031,42031,EB043,Electric boiler,0,100,3,15,0,1,1,1,24,24,0.99,20,20,2060,2060
42061,42061,EB044,Electric boiler,0,100,3,15,0,1,1,1,24,24,0.99,20,20,2060,2060
25017,25017,EB045,Electric boiler,0,100,3,15,0,1,1,1,24,24,0.99,20,20,2060,2060
25027,25027,EB046,Electric boiler,0,100,3,15,0,1,1,1,24,24,0.99,20,20,2060,2060
34033,34033,EB047,Electric boiler,0,100,3,15,0,1,1,1,24,24,0.99,20,20,2060,2060
34021,34021,EB048,Electric boiler,0,100,3,15,0,1,1,1,24,24,0.99,20,20,2060,2060
36013,36013,EB049,Electric boiler,0,100,3,15,0,1,1,1,24,24,0.99,20,20,2060,2060
42133,42133,EB050,Electric boiler,0,100,3,15,0,1,1,1,24,24,0.99,20,20,2060,2060
42095,42095,EB051,Electric boiler,0,100,3,15,0,1,1,1,24,24,0.99,20,20,2060,2060
42127,42127,EB052,Electric boiler,0,100,3,15,0,1,1,1,24,24,0.99,20,20,2060,2060
09170,09170,EB053,Electric boiler,0,100,3,15,0,1,1,1,24,24,0.99,20,20,2060,2060
42029,42029,EB054,Electric boiler,0,100,3,15,0,1,1,1,24,24,0.99,20,20,2060,2060
36047,36047,EB055,Electric boiler,0,100,3,15,0,1,1,1,24,24,0.99,20,20,2060,2060
36043,36043,EB056,Electric boiler,0,100,3,15,0,1,1,1,24,24,0.99,20,20,2060,2060
34035,34035,EB057,Electric boiler,0,100,3,15,0,1,1,1,24,24,0.99,20,20,2060,2060
42091,42091,EB058,Electric boiler,0,100,3,15,0,1,1,1,24,24,0.99,20,20,2060,2060
42013,42013,EB059,Electric boiler,0,100,3,15,0,1,1,1,24,24,0.99,20,20,2060,2060
42033,42033,EB060,Electric boiler,0,100,3,15,0,1,1,1,24,24,0.99,20,20,2060,2060
42113,42113,EB061,Electric boiler,0,100,3,15,0,1,1,1,24,24,0.99,20,20,2060,2060
09180,09180,EB062,Electric boiler,0,100,3,15,0,1,1,1,24,24,0.99,20,20,2060,2060
42111,42111,EB063,Electric boiler,0,100,3,15,0,1,1,1,24,24,0.99,20,20,2060,2060
42101,42101,EB064,Electric boiler,0,100,3,15,0,1,1,1,24,24,0.99,20,20,2060,2060
36111,36111,EB065,Electric boiler,0,100,3,15,0,1,1,1,24,24,0.99,20,20,2060,2060
36081,36081,EB066,Electric boiler,0,100,3,15,0,1,1,1,24,24,0.99,20,20,2060,2060
25011,25011,EB067,Electric boiler,0,100,3,15,0,1,1,1,24,24,0.99,20,20,2060,2060
42125,42125,EB068,Electric boiler,0,100,3,15,0,1,1,1,24,24,0.99,20,20,2060,2060
34001,34001,EB069,Electric boiler,0,100,3,15,0,1,1,1,24,24,0.99,20,20,2060,2060
09130,09130,EB070,Electric boiler,0,100,3,15,0,1,1,1,24,24,0.99,20,20,2060,2060
36103,36103,EB071,Electric boiler,0,100,3,15,0,1,1,1,24,24,0.99,20,20,2060,2060
42017,42017,EB072,Electric boiler,0,100,3,15,0,1,1,1,24,24,0.99,20,20,2060,2060
36063,36063,EB073,Electric boiler,0,100,3,15,0,1,1,1,24,24,0.99,20,20,2060,2060
36119,36119,EB074,Electric boiler,0,100,3,15,0,1,1,1,24,24,0.99,20,20,2060,2060
36105,36105,EB075,Electric boiler,0,100,3,15,0,1,1,1,24,24,0.99,20,20,2060,2060
25007,25007,EB076,Electric boiler,0,100,3,15,0,1,1,1,24,24,0.99,20,20,2060,2060
34031,34031,EB077,Electric boiler,0,100,3,15,0,1,1,1,24,24,0.99,20,20,2060,2060
42097,42097,EB078,Electric boiler,0,100,3,15,0,1,1,1,24,24,0.99,20,20,2060,2060
36113,36113,EB079,Electric boiler,0,100,3,15,0,1,1,1,24,24,0.99,20,20,2060,2060
36075,36075,EB080,Electric boiler,0,100,3,15,0,1,1,1,24,24,0.99,20,20,2060,2060
44005,44005,EB081,Electric boiler,0,100,3,15,0,1,1,1,24,24,0.99,20,20,2060,2060
42023,42023,EB082,Electric boiler,0,100,3,15,0,1,1,1,24,24,0.99,20,20,2060,2060
42103,42103,EB083,Electric boiler,0,100,3,15,0,1,1,1,24,24,0.99,20,20,2060,2060
36059,36059,EB084,Electric boiler,0,100,3,15,0,1,1,1,24,24,0.99,20,20,2060,2060
25009,25009,EB085,Electric boiler,0,100,3,15,0,1,1,1,24,24,0.99,20,20,2060,2060
34013,34013,EB086,Electric boiler,0,100,3,15,0,1,1,1,24,24,0.99,20,20,2060,2060
42089,42089,EB087,Electric boiler,0,100,3,15,0,1,1,1,24,24,0.99,20,20,2060,2060
34007,34007,EB088,Electric boiler,0,100,3,15,0,1,1,1,24,24,0.99,20,20,2060,2060
42129,42129,EB089,Electric boiler,0,100,3,15,0,1,1,1,24,24,0.99,20,20,2060,2060
09190,09190,EB090,Electric boiler,0,100,3,15,0,1,1,1,24,24,0.99,20,20,2060,2060
09140,09140,EB091,Electric boiler,0,100,3,15,0,1,1,1,24,24,0.99,20,20,2060,2060
09120,09120,EB092,Electric boiler,0,100,3,15,0,1,1,1,24,24,0.99,20,20,2060,2060
36079,36079,EB093,Electric boiler,0,100,3,15,0,1,1,1,24,24,0.99,20,20,2060,2060
36029,36029,EB094,Electric boiler,0,100,3,15,0,1,1,1,24,24,0.99,20,20,2060,2060
36001,36001,EB095,Electric boiler,0,100,3,15,0,1,1,1,24,24,0.99,20,20,2060,2060
25019,25019,EB096,Electric boiler,0,100,3,15,0,1,1,1,24,24,0.99,20,20,2060,2060
42003,42003,EB097,Electric boiler,0,100,3,15,0,1,1,1,24,24,0.99,20,20,2060,2060
42005,42005,EB098,Electric boiler,0,100,3,15,0,1,1,1,24,24,0.99,20,20,2060,2060
42119,42119,EB099,Electric boiler,0,100,3,15,0,1,1,1,24,24,0.99,20,20,2060,2060
42077,42077,EB100,Electric boiler,0,100,3,15,0,1,1,1,24,24,0.99,20,20,2060,2060
42037,42037,EB101,Electric boiler,0,100,3,15,0,1,1,1,24,24,0.99,20,20,2060,2060
36023,36023,EB102,Electric boiler,0,100,3,15,0,1,1,1,24,24,0.99,20,20,2060,2060
36041,36041,EB103,Electric boiler,0,100,3,15,0,1,1,1,24,24,0.99,20,20,2060,2060
36097,36097,EB104,Electric boiler,0,100,3,15,0,1,1,1,24,24,0.99,20,20,2060,2060
36123,36123,EB105,Electric boiler,0,100,3,15,0,1,1,1,24,24,0.99,20,20,2060,2060
09160,09160,EB106,Electric boiler,0,100,3,15,0,1,1,1,24,24,0.99,20,20,2060,2060
36085,36085,EB107,Electric boiler,0,100,3,15,0,1,1,1,24,24,0.99,20,20,2060,2060
36033,36033,EB108,Electric boiler,0,100,3,15,0,1,1,1,24,24,0.99,20,20,2060,2060
42115,42115,EB109,Electric boiler,0,100,3,15,0,1,1,1,24,24,0.99,20,20,2060,2060
36073,36073,EB110,Electric boiler,0,100,3,15,0,1,1,1,24,24,0.99,20,20,2060,2060
36005,36005,EB111,Electric boiler,0,100,3,15,0,1,1,1,24,24,0.99,20,20,2060,2060
36055,36055,EB112,Electric boiler,0,100,3,15,0,1,1,1,24,24,0.99,20,20,2060,2060
36057,36057,EB113,Electric boiler,0,100,3,15,0,1,1,1,24,24,0.99,20,20,2060,2060
34029,34029,EB114,Electric boiler,0,100,3,15,0,1,1,1,24,24,0.99,20,20,2060,2060
34025,34025,EB115,Electric boiler,0,100,3,15,0,1,1,1,24,24,0.99,20,20,2060,2060
34017,34017,EB116,Electric boiler,0,100,3,15,0,1,1,1,24,24,0.99,20,20,2060,2060
34039,34039,EB117,Electric boiler,0,100,3,15,0,1,1,1,24,24,0.99,20,20,2060,2060
36087,36087,EB118,Electric boiler,0,100,3,15,0,1,1,1,24,24,0.99,20,20,2060,2060
36003,36003,EB119,Electric boiler,0,100,3,15,0,1,1,1,24,24,0.99,20,20,2060,2060
42073,42073,EB120,Electric boiler,0,100,3,15,0,1,1,1,24,24,0.99,20,20,2060,2060
42009,42009,EB121,Electric boiler,0,100,3,15,0,1,1,1,24,24,0.99,20,20,2060,2060
36021,36021,EB122,Electric boiler,0,100,3,15,0,1,1,1,24,24,0.99,20,20,2060,2060
42085,42085,EB123,Electric boiler,0,100,3,15,0,1,1,1,24,24,0.99,20,20,2060,2060
42083,42083,EB124,Electric boiler,0,100,3,15,0,1,1,1,24,24,0.99,20,20,2060,2060
42015,42015,EB125,Electric boiler,0,100,3,15,0,1,1,1,24,24,0.99,20,20,2060,2060
42123,42123,EB126,Electric boiler,0,100,3,15,0,1,1,1,24,24,0.99,20,20,2060,2060
44001,44001,EB127,Electric boiler,0,100,3,15,0,1,1,1,24,24,0.99,20,20,2060,2060
36069,36069,EB128,Electric boiler,0,100,3,15,0,1,1,1,24,24,0.99,20,20,2060,2060
36083,36083,EB129,Electric boiler,0,100,3,15,0,1,1,1,24,24,0.99,20,20,2060,2060
36093,36093,EB130,Electric boiler,0,100,3,15,0,1,1,1,24,24,0.99,20,20,2060,2060
36035,36035,EB131,Electric boiler,0,100,3,15,0,1,1,1,24,24,0.99,20,20,2060,2060
36007,36007,EB132,Electric boiler,0,100,3,15,0,1,1,1,24,24,0.99,20,20,2060,2060
36107,36107,EB133,Electric boiler,0,100,3,15,0,1,1,1,24,24,0.99,20,20,2060,2060
36027,36027,EB134,Electric boiler,0,100,3,15,0,1,1,1,24,24,0.99,20,20,2060,2060
42117,42117,EB135,Electric boiler,0,100,3,15,0,1,1,1,24,24,0.99,20,20,2060,2060
44003,44003,EB136,Electric boiler,0,100,3,15,0,1,1,1,24,24,0.99,20,20,2060,2060
36101,36101,EB137,Electric boiler,0,100,3,15,0,1,1,1,24,24,0.99,20,20,2060,2060
25023,25023,EB138,Electric boiler,0,100,3,15,0,1,1,1,24,24,0.99,20,20,2060,2060
42105,42105,EB139,Electric boiler,0,100,3,15,0,1,1,1,24,24,0.99,20,20,2060,2060
42011,42011,EB140,Electric boiler,0,100,3,15,0,1,1,1,24,24,0.99,20,20,2060,2060
42087,42087,EB141,Electric boiler,0,100,3,15,0,1,1,1,24,24,0.99,20,20,2060,2060
36109,36109,EB142,Electric boiler,0,100,3,15,0,1,1,1,24,24,0.99,20,20,2060,2060
42053,42053,EB143,Electric boiler,0,100,3,15,0,1,1,1,24,24,0.99,20,20,2060,2060
42093,42093,EB144,Electric boiler,0,100,3,15,0,1,1,1,24,24,0.99,20,20,2060,2060
42107,42107,EB145,Electric boiler,0,100,3,15,0,1,1,1,24,24,0.99,20,20,2060,2060
36121,36121,EB146,Electric boiler,0,100,3,15,0,1,1,1,24,24,0.99,20,20,2060,2060
42065,42065,EB147,Electric boiler,0,100,3,15,0,1,1,1,24,24,0.99,20,20,2060,2060
42047,42047,EB148,Electric boiler,0,100,3,15,0,1,1,1,24,24,0.99,20,20,2060,2060
42069,42069,EB149,Electric boiler,0,100,3,15,0,1,1,1,24,24,0.99,20,20,2060,2060
42041,42041,EB150,Electric boiler,0,100,3,15,0,1,1,1,24,24,0.99,20,20,2060,2060
42007,42007,EB151,Electric boiler,0,100,3,15,0,1,1,1,24,24,0.99,20,20,2060,2060
36015,36015,EB152,Electric boiler,0,100,3,15,0,1,1,1,24,24,0.99,20,20,2060,2060
36117,36117,EB153,Electric boiler,0,100,3,15,0,1,1,1,24,24,0.99,20,20,2060,2060
36011,36011,EB154,Electric boiler,0,100,3,15,0,1,1,1,24,24,0.99,20,20,2060,2060
09150,09150,EB155,Electric boiler,0,100,3,15,0,1,1,1,24,24,0.99,20,20,2060,2060
36095,36095,EB156,Electric boiler,0,100,3,15,0,1,1,1,24,24,0.99,20,20,2060,2060
36099,36099,EB157,Electric boiler,0,100,3,15,0,1,1,1,24,24,0.99,20,20,2060,2060
36037,36037,EB158,Electric boiler,0,100,3,15,0,1,1,1,24,24,0.99,20,20,2060,2060
42057,42057,EB159,Electric boiler,0,100,3,15,0,1,1,1,24,24,0.99,20,20,2060,2060
42039,42039,EB160,Electric boiler,0,100,3,15,0,1,1,1,24,24,0.99,20,20,2060,2060
36039,36039,EB161,Electric boiler,0,100,3,15,0,1,1,1,24,24,0.99,20,20,2060,2060
42079,42079,EB162,Electric boiler,0,100,3,15,0,1,1,1,24,24,0.99,20,20,2060,2060
42081,42081,EB163,Electric boiler,0,100,3,15,0,1,1,1,24,24,0.99,20,20,2060,2060
42075,42075,EB164,Electric boiler,0,100,3,15,0,1,1,1,24,24,0.99,20,20,2060,2060
42019,42019,EB165,Electric boiler,0,100,3,15,0,1,1,1,24,24,0.99,20,20,2060,2060
42021,42021,EB166,Electric boiler,0,100,3,15,0,1,1,1,24,24,0.99,20,20,2060,2060
34037,34037,EB167,Electric boiler,0,100,3,15,0,1,1,1,24,24,0.99,20,20,2060,2060
42121,42121,EB168,Electric boiler,0,100,3,15,0,1,1,1,24,24,0.99,20,20,2060,2060
44009,44009,EB169,Electric boiler,0,100,3,15,0,1,1,1,24,24,0.99,20,20,2060,2060
25021,25021,EB170,Electric boiler,0,100,3,15,0,1,1,1,24,24,0.99,20,20,2060,2060
36089,36089,EB171,Electric boiler,0,100,3,15,0,1,1,1,24,24,0.99,20,20,2060,2060
42109,42109,EB172,Electric boiler,0,100,3,15,0,1,1,1,24,24,0.99,20,20,2060,2060
42001,42001,EB173,Electric boiler,0,100,3,15,0,1,1,1,24,24,0.99,20,20,2060,2060
25003,25003,EB174,Electric boiler,0,100,3,15,0,1,1,1,24,24,0.99,20,20,2060,2060
42025,42025,EB175,Electric boiler,0,100,3,15,0,1,1,1,24,24,0.99,20,20,2060,2060
42131,42131,EB176,Electric boiler,0,100,3,15,0,1,1,1,24,24,0.99,20,20,2060,2060
36049,36049,EB177,Electric boiler,0,100,3,15,0,1,1,1,24,24,0.99,20,20,2060,2060
