NodeELEC,NodeGAS,StorageID,PrimeMover,ExistingUnits,UnitSize,MaxNewAnnual,MaxNewTotal,Duration,ChargeETA,DischargeETA,LossETA,EconomicLifetime,Lifetime,InstallYear,ForcedRetirement
36067,36067,LI000,Li-ion battery,1,1.0,0,0,1.0,0.92,0.92,1.3889e-05,15,15,2060,2060
36067,36067,LI000,Li-ion battery,1,10.0,0,0,4.0,0.92,0.92,1.3889e-05,15,15,2060,2060
36067,36067,LI000,Li-ion battery,0,10,100,500,4,0.92,0.92,1.3889e-05,15,15,2060,2060
36067,36067,LD000,Long-duration storage,0,50,4,20,720,0.63,0.53,1.1e-08,30,30,2060,2060
36067,36067,MD000,Multi-day storage,0,5,100,500,100,0.65,0.65,1.3889e-05,15,15,2060,2060
36071,36071,LI001,Li-ion battery,1,3.0,0,0,1.0,0.92,0.92,1.3889e-05,15,15,2060,2060
36071,36071,LI001,Li-ion battery,1,10.0,0,0,2.0,0.92,0.92,1.3889e-05,15,15,2060,2060
36071,36071,LI001,Li-ion battery,1,8.1,0,0,4.0,0.92,0.92,1.3889e-05,15,15,2060,2060
36071,36071,LI001,Li-ion battery,0,10,100,500,4,0.92,0.92,1.3889e-05,15,15,2060,2060
36071,36071,LD001,Long-duration storage,0,50,4,20,720,0.63,0.53,1.1e-08,30,30,2060,2060
36071,36071,MD001,Multi-day storage,0,5,100,500,100,0.65,0.65,1.3889e-05,15,15,2060,2060
36017,36017,LI002,Li-ion battery,1,5.0,0,0,3.0,0.92,0.92,1.3889e-05,15,15,2060,2060
36017,36017,LI002,Li-ion battery,0,10,100,500,4,0.92,0.92,1.3889e-05,15,15,2060,2060
36017,36017,LD002,Long-duration storage,0,50,4,20,720,0.63,0.53,1.1e-08,30,30,2060,2060
36017,36017,MD002,Multi-day storage,0,5,100,500,100,0.65,0.65,1.3889e-05,15,15,2060,2060
25001,25001,LI003,Li-ion battery,1,29.4,0,0,2.0,0.92,0.92,1.3889e-05,15,15,2060,2060
25001,25001,LI003,Li-ion battery,1,1.5,0,0,21.0,0.92,0.92,1.3889e-05,15,15,2060,2060
25001,25001,LI003,Li-ion battery,0,10,100,500,4,0.92,0.92,1.3889e-05,15,15,2060,2060
25001,25001,LD003,Long-duration storage,0,50,4,20,720,0.63,0.53,1.1e-08,30,30,2060,2060
25001,25001,MD003,Multi-day storage,0,5,100,500,100,0.65,0.65,1.3889e-05,15,15,2060,2060
25013,25013,LI004,Li-ion battery,1,5.0,0,0,1.0,0.92,0.92,1.3889e-05,15,15,2060,2060
25013,25013,LI004,Li-ion battery,1,11.8,0,0,2.0,0.92,0.92,1.3889e-05,15,15,2060,2060
25013,25013,LI004,Li-ion battery,1,0.7,0,0,4.0,0.92,0.92,1.3889e-05,15,15,2060,2060
25013,25013,LI004,Li-ion battery,0,10,100,500,4,0.92,0.92,1.3889e-05,15,15,2060,2060
25013,25013,LD004,Long-duration storage,0,50,4,20,720,0.63,0.53,1.1e-08,30,30,2060,2060
25013,25013,MD004,Multi-day storage,0,5,100,500,100,0.65,0.65,1.3889e-05,15,15,2060,2060
34011,34011,LI005,Li-ion battery,0,10,100,500,4,0.92,0.92,1.3889e-05,15,15,2060,2060
34011,34011,LD005,Long-duration storage,0,50,4,20,720,0.63,0.53,1.1e-08,30,30,2060,2060
34011,34011,MD005,Multi-day storage,0,5,100,500,100,0.65,0.65,1.3889e-05,15,15,2060,2060
34041,34041,LI006,Li-ion battery,1,19.8,0,0,1.0,0.92,0.92,1.3889e-05,15,15,2060,2060
34041,34041,LI006,Li-ion battery,0,10,100,500,4,0.92,0.92,1.3889e-05,15,15,2060,2060
34041,34041,LD006,Long-duration storage,0,50,4,20,720,0.63,0.53,1.1e-08,30,30,2060,2060
34041,34041,MD006,Multi-day storage,0,5,100,500,100,0.65,0.65,1.3889e-05,15,15,2060,2060
34041,34041,PH006,Pumped hydro storage,1,453.0,0,0,8.0,0.9,0.9,1.3889e-05,50,50,2060,2060
34005,34005,LI007,Li-ion battery,0,10,100,500,4,0.92,0.92,1.3889e-05,15,15,2060,2060
34005,34005,LD007,Long-duration storage,0,50,4,20,720,0.63,0.53,1.1e-08,30,30,2060,2060
34005,34005,MD007,Multi-day storage,0,5,100,500,100,0.65,0.65,1.3889e-05,15,15,2060,2060
34023,34023,LI008,Li-ion battery,1,0.6,0,0,4.0,0.92,0.92,1.3889e-05,15,15,2060,2060
34023,34023,LI008,Li-ion battery,0,10,100,500,4,0.92,0.92,1.3889e-05,15,15,2060,2060
34023,34023,LD008,Long-duration storage,0,50,4,20,720,0.63,0.53,1.1e-08,30,30,2060,2060
34023,34023,MD008,Multi-day storage,0,5,100,500,100,0.65,0.65,1.3889e-05,15,15,2060,2060
42045,42045,LI009,Li-ion battery,0,10,100,500,4,0.92,0.92,1.3889e-05,15,15,2060,2060
42045,42045,LD009,Long-duration storage,0,50,4,20,720,0.63,0.53,1.1e-08,30,30,2060,2060
42045,42045,MD009,Multi-day storage,0,5,100,500,100,0.65,0.65,1.3889e-05,15,15,2060,2060
42049,42049,LI010,Li-ion battery,0,10,100,500,4,0.92,0.92,1.3889e-05,15,15,2060,2060
42049,42049,LD010,Long-duration storage,0,50,4,20,720,0.63,0.53,1.1e-08,30,30,2060,2060
42049,42049,MD010,Multi-day storage,0,5,100,500,100,0.65,0.65,1.3889e-05,15,15,2060,2060
42059,42059,LI011,Li-ion battery,0,10,100,500,4,0.92,0.92,1.3889e-05,15,15,2060,2060
42059,42059,LD011,Long-duration storage,0,50,4,20,720,0.63,0.53,1.1e-08,30,30,2060,2060
42059,42059,MD011,Multi-day storage,0,5,100,500,100,0.65,0.65,1.3889e-05,15,15,2060,2060
25015,25015,LI012,Li-ion battery,1,5.5,0,0,1.0,0.92,0.92,1.3889e-05,15,15,2060,2060
25015,25015,LI012,Li-ion battery,1,16.9,0,0,2.0,0.92,0.92,1.3889e-05,15,15,2060,2060
25015,25015,LI012,Li-ion battery,0,10,100,500,4,0.92,0.92,1.3889e-05,15,15,2060,2060
25015,25015,LD012,Long-duration storage,0,50,4,20,720,0.63,0.53,1.1e-08,30,30,2060,2060
25015,25015,MD012,Multi-day storage,0,5,100,500,100,0.65,0.65,1.3889e-05,15,15,2060,2060
36053,36053,LI013,Li-ion battery,1,6.0,0,0,4.0,0.92,0.92,1.3889e-05,15,15,2060,2060
36053,36053,LI013,Li-ion battery,0,10,100,500,4,0.92,0.92,1.3889e-05,15,15,2060,2060
36053,36053,LD013,Long-duration storage,0,50,4,20,720,0.63,0.53,1.1e-08,30,30,2060,2060
36053,36053,MD013,Multi-day storage,0,5,100,500,100,0.65,0.65,1.3889e-05,15,15,2060,2060
36077,36077,LI014,Li-ion battery,0,10,100,500,4,0.92,0.92,1.3889e-05,15,15,2060,2060
36077,36077,LD014,Long-duration storage,0,50,4,20,720,0.63,0.53,1.1e-08,30,30,2060,2060
36077,36077,MD014,Multi-day storage,0,5,100,500,100,0.65,0.65,1.3889e-05,15,15,2060,2060
36051,36051,LI015,Li-ion battery,0,10,100,500,4,0.92,0.92,1.3889e-05,15,15,2060,2060
36051,36051,LD015,Long-duration storage,0,50,4,20,720,0.63,0.53,1.1e-08,30,30,2060,2060
36051,36051,MD015,Multi-day storage,0,5,100,500,100,0.65,0.65,1.3889e-05,15,15,2060,2060
42071,42071,LI016,Li-ion battery,0,10,100,500,4,0.92,0.92,1.3889e-05,15,15,2060,2060
42071,42071,LD016,Long-duration storage,0,50,4,20,720,0.63,0.53,1.1e-08,30,30,2060,2060
42071,42071,MD016,Multi-day storage,0,5,100,500,100,0.65,0.65,1.3889e-05,15,15,2060,2060
42071,42071,PH016,Pumped hydro storage,1,1072.0,0,0,8.0,0.9,0.9,1.3889e-05,50,50,2060,2060
42043,42043,LI017,Li-ion battery,0,10,100,500,4,0.92,0.92,1.3889e-05,15,15,2060,2060
42043,42043,LD017,Long-duration storage,0,50,4,20,720,0.63,0.53,1.1e-08,30,30,2060,2060
42043,42043,MD017,Multi-day storage,0,5,100,500,100,0.65,0.65,1.3889e-05,15,15,2060,2060
42067,42067,LI018,Li-ion battery,0,10,100,500,4,0.92,0.92,1.3889e-05,15,15,2060,2060
42067,42067,LD018,Long-duration storage,0,50,4,20,720,0.63,0.53,1.1e-08,30,30,2060,2060
42067,42067,MD018,Multi-day storage,0,5,100,500,100,0.65,0.65,1.3889e-05,15,15,2060,2060
42027,42027,LI019,Li-ion battery,0,10,100,500,4,0.92,0.92,1.3889e-05,15,15,2060,2060
42027,42027,LD019,Long-duration storage,0,50,4,20,720,0.63,0.53,1.1e-08,30,30,2060,2060
42027,42027,MD019,Multi-day storage,0,5,100,500,100,0.65,0.65,1.3889e-05,15,15,2060,2060
42035,42035,LI020,Li-ion battery,0,10,100,500,4,0.92,0.92,1.3889e-05,15,15,2060,2060
42035,42035,LD020,Long-duration storage,0,50,4,20,720,0.63,0.53,1.1e-08,30,30,2060,2060
42035,42035,MD020,Multi-day storage,0,5,100,500,100,0.65,0.65,1.3889e-05,15,15,2060,2060
42063,42063,LI021,Li-ion battery,0,10,100,500,4,0.92,0.92,1.3889e-05,15,15,2060,2060
42063,42063,LD021,Long-duration storage,0,50,4,20,720,0.63,0.53,1.1e-08,30,30,2060,2060
42063,42063,MD021,Multi-day storage,0,5,100,500,100,0.65,0.65,1.3889e-05,15,15,2060,2060
42099,42099,LI022,Li-ion battery,0,10,100,500,4,0.92,0.92,1.3889e-05,15,15,2060,2060
42099,42099,LD022,Long-duration storage,0,50,4,20,720,0.63,0.53,1.1e-08,30,30,2060,2060
42099,42099,MD022,Multi-day storage,0,5,100,500,100,0.65,0.65,1.3889e-05,15,15,2060,2060
09110,09110,LI023,Li-ion battery,0,10,100,500,4,0.92,0.92,1.3889e-05,15,15,2060,2060
09110,09110,LD023,Long-duration storage,0,50,4,20,720,0.63,0.53,1.1e-08,30,30,2060,2060
09110,09110,MD023,Multi-day storage,0,5,100,500,100,0.65,0.65,1.3889e-05,15,15,2060,2060
42051,42051,LI024,Li-ion battery,0,10,100,500,4,0.92,0.92,1.3889e-05,15,15,2060,2060
42051,42051,LD024,Long-duration storage,0,50,4,20,720,0.63,0.53,1.1e-08,30,30,2060,2060
42051,42051,MD024,Multi-day storage,0,5,100,500,100,0.65,0.65,1.3889e-05,15,15,2060,2060
42055,42055,LI025,Li-ion battery,0,10,100,500,4,0.92,0.92,1.3889e-05,15,15,2060,2060
42055,42055,LD025,Long-duration storage,0,50,4,20,720,0.63,0.53,1.1e-08,30,30,2060,2060
42055,42055,MD025,Multi-day storage,0,5,100,500,100,0.65,0.65,1.3889e-05,15,15,2060,2060
44007,44007,LI026,Li-ion battery,1,3.0,0,0,3.0,0.92,0.92,1.3889e-05,15,15,2060,2060
44007,44007,LI026,Li-ion battery,0,10,100,500,4,0.92,0.92,1.3889e-05,15,15,2060,2060
44007,44007,LD026,Long-duration storage,0,50,4,20,720,0.63,0.53,1.1e-08,30,30,2060,2060
44007,44007,MD026,Multi-day storage,0,5,100,500,100,0.65,0.65,1.3889e-05,15,15,2060,2060
36025,36025,LI027,Li-ion battery,0,10,100,500,4,0.92,0.92,1.3889e-05,15,15,2060,2060
36025,36025,LD027,Long-duration storage,0,50,4,20,720,0.63,0.53,1.1e-08,30,30,2060,2060
36025,36025,MD027,Multi-day storage,0,5,100,500,100,0.65,0.65,1.3889e-05,15,15,2060,2060
36061,36061,LI028,Li-ion battery,0,10,100,500,4,0.92,0.92,1.3889e-05,15,15,2060,2060
36061,36061,LD028,Long-duration storage,0,50,4,20,720,0.63,0.53,1.1e-08,30,30,2060,2060
36061,36061,MD028,Multi-day storage,0,5,100,500,100,0.65,0.65,1.3889e-05,15,15,2060,2060
36065,36065,LI029,Li-ion battery,0,10,100,500,4,0.92,0.92,1.3889e-05,15,15,2060,2060
36065,36065,LD029,Long-duration storage,0,50,4,20,720,0.63,0.53,1.1e-08,30,30,2060,2060
36065,36065,MD029,Multi-day storage,0,5,100,500,100,0.65,0.65,1.3889e-05,15,15,2060,2060
36115,36115,LI030,Li-ion battery,0,10,100,500,4,0.92,0.92,1.3889e-05,15,15,2060,2060
36115,36115,LD030,Long-duration storage,0,50,4,20,720,0.63,0.53,1.1e-08,30,30,2060,2060
36115,36115,MD030,Multi-day storage,0,5,100,500,100,0.65,0.65,1.3889e-05,15,15,2060,2060
36009,36009,LI031,Li-ion battery,0,10,100,500,4,0.92,0.92,1.3889e-05,15,15,2060,2060
36009,36009,LD031,Long-duration storage,0,50,4,20,720,0.63,0.53,1.1e-08,30,30,2060,2060
36009,36009,MD031,Multi-day storage,0,5,100,500,100,0.65,0.65,1.3889e-05,15,15,2060,2060
25025,25025,LI032,Li-ion battery,1,1.0,0,0,1.0,0.92,0.92,1.3889e-05,15,15,2060,2060
25025,25025,LI032,Li-ion battery,1,0.5,0,0,4.0,0.92,0.92,1.3889e-05,15,15,2060,2060
25025,25025,LI032,Li-ion battery,0,10,100,500,4,0.92,0.92,1.3889e-05,15,15,2060,2060
25025,25025,LD032,Long-duration storage,0,50,4,20,720,0.63,0.53,1.1e-08,30,30,2060,2060
25025,25025,MD032,Multi-day storage,0,5,100,500,100,0.65,0.65,1.3889e-05,15,15,2060,2060
25005,25005,LI033,Li-ion battery,1,4.5,0,0,2.0,0.92,0.92,1.3889e-05,15,15,2060,2060
25005,25005,LI033,Li-ion battery,1,3.0,0,0,3.0,0.92,0.92,1.3889e-05,15,15,2060,2060
25005,25005,LI033,Li-ion battery,1,1.0,0,0,4.0,0.92,0.92,1.3889e-05,15,15,2060,2060
25005,25005,LI033,Li-ion battery,1,1.0,0,0,5.0,0.92,0.92,1.3889e-05,15,15,2060,2060
25005,25005,LI033,Li-ion battery,0,10,100,500,4,0.92,0.92,1.3889e-05,15,15,2060,2060
25005,25005,LD033,Long-duration storage,0,50,4,20,720,0.63,0.53,1.1e-08,30,30,2060,2060
25005,25005,MD033,Multi-day storage,0,5,100,500,100,0.65,0.65,1.3889e-05,15,15,2060,2060
34009,34009,LI034,Li-ion battery,0,10,100,500,4,0.92,0.92,1.3889e-05,15,15,2060,2060
34009,34009,LD034,Long-duration storage,0,50,4,20,720,0.63,0.53,1.1e-08,30,30,2060,2060
34009,34009,MD034,Multi-day storage,0,5,100,500,100,0.65,0.65,1.3889e-05,15,15,2060,2060
34015,34015,LI035,Li-ion battery,0,10,100,500,4,0.92,0.92,1.3889e-05,15,15,2060,2060
34015,34015,LD035,Long-duration storage,0,50,4,20,720,0.63,0.53,1.1e-08,30,30,2060,2060
34015,34015,MD035,Multi-day storage,0,5,100,500,100,0.65,0.65,1.3889e-05,15,15,2060,2060
34003,34003,LI036,Li-ion battery,0,10,100,500,4,0.92,0.92,1.3889e-05,15,15,2060,2060
34003,34003,LD036,Long-duration storage,0,50,4,20,720,0.63,0.53,1.1e-08,30,30,2060,2060
34003,34003,MD036,Multi-day storage,0,5,100,500,100,0.65,0.65,1.3889e-05,15,15,2060,2060
34019,34019,LI037,Li-ion battery,0,10,100,500,4,0.92,0.92,1.3889e-05,15,15,2060,2060
34019,34019,LD037,Long-duration storage,0,50,4,20,720,0.63,0.53,1.1e-08,30,30,2060,2060
34019,34019,MD037,Multi-day storage,0,5,100,500,100,0.65,0.65,1.3889e-05,15,15,2060,2060
36045,36045,LI038,Li-ion battery,1,20.0,0,0,3.0,0.92,0.92,1.3889e-05,15,15,2060,2060
36045,36045,LI038,Li-ion battery,0,10,100,500,4,0.92,0.92,1.3889e-05,15,15,2060,2060
36045,36045,LD038,Long-duration storage,0,50,4,20,720,0.63,0.53,1.1e-08,30,30,2060,2060
36045,36045,MD038,Multi-day storage,0,5,100,500,100,0.65,0.65,1.3889e-05,15,15,2060,2060
36019,36019,LI039,Li-ion battery,0,10,100,500,4,0.92,0.92,1.3889e-05,15,15,2060,2060
36019,36019,LD039,Long-duration storage,0,50,4,20,720,0.63,0.53,1.1e-08,30,30,2060,2060
36019,36019,MD039,Multi-day storage,0,5,100,500,100,0.65,0.65,1.3889e-05,15,15,2060,2060
36031,36031,LI040,Li-ion battery,0,10,100,500,4,0.92,0.92,1.3889e-05,15,15,2060,2060
36031,36031,LD040,Long-duration storage,0,50,4,20,720,0.63,0.53,1.1e-08,30,30,2060,2060
36031,36031,MD040,Multi-day storage,0,5,100,500,100,0.65,0.65,1.3889e-05,15,15,2060,2060
34027,34027,LI041,Li-ion battery,0,10,100,500,4,0.92,0.92,1.3889e-05,15,15,2060,2060
34027,34027,LD041,Long-duration storage,0,50,4,20,720,0.63,0.53,1.1e-08,30,30,2060,2060
34027,34027,MD041,Multi-day storage,0,5,100,500,100,0.65,0.65,1.3889e-05,15,15,2060,2060
36091,36091,LI042,Li-ion battery,0,10,100,500,4,0.92,0.92,1.3889e-05,15,15,2060,2060
36091,36091,LD042,Long-duration storage,0,50,4,20,720,0.63,0.53,1.1e-08,30,30,2060,2060
36091,36091,MD042,Multi-day storage,0,5,100,500,100,0.65,0.65,1.3889e-05,15,15,2060,2060
42031,42031,LI043,Li-ion battery,0,10,100,500,4,0.92,0.92,1.3889e-05,15,15,2060,2060
42031,42031,LD043,Long-duration storage,0,50,4,20,720,0.63,0.53,1.1e-08,30,30,2060,2060
42031,42031,MD043,Multi-day storage,0,5,100,500,100,0.65,0.65,1.3889e-05,15,15,2060,2060
42061,42061,LI044,Li-ion battery,0,10,100,500,4,0.92,0.92,1.3889e-05,15,15,2060,2060
42061,42061,LD044,Long-duration storage,0,50,4,20,720,0.63,0.53,1.1e-08,30,30,2060,2060
42061,42061,MD044,Multi-day storage,0,5,100,500,100,0.65,0.65,1.3889e-05,15,15,2060,2060
25017,25017,LI045,Li-ion battery,1,8.0,0,0,1.0,0.92,0.92,1.3889e-05,15,15,2060,2060
25017,25017,LI045,Li-ion battery,1,9.8,0,0,2.0,0.92,0.92,1.3889e-05,15,15,2060,2060
25017,25017,LI045,Li-ion battery,1,4.5,0,0,4.0,0.92,0.92,1.3889e-05,15,15,2060,2060
25017,25017,LI045,Li-ion battery,0,10,100,500,4,0.92,0.92,1.3889e-05,15,15,2060,2060
25017,25017,LD045,Long-duration storage,0,50,4,20,720,0.63,0.53,1.1e-08,30,30,2060,2060
25017,25017,MD045,Multi-day storage,0,5,100,500,100,0.65,0.65,1.3889e-05,15,15,2060,2060
25027,25027,LI046,Li-ion battery,1,11.9,0,0,1.0,0.92,0.92,1.3889e-05,15,15,2060,2060
25027,25027,LI046,Li-ion battery,1,75.2,0,0,2.0,0.92,0.92,1.3889e-05,15,15,2060,2060
25027,25027,LI046,Li-ion battery,1,8.1,0,0,3.0,0.92,0.92,1.3889e-05,15,15,2060,2060
25027,25027,LI046,Li-ion battery,1,1.5,0,0,5.0,0.92,0.92,1.3889e-05,15,15,2060,2060
25027,25027,LI046,Li-ion battery,0,10,100,500,4,0.92,0.92,1.3889e-05,15,15,2060,2060
25027,25027,LD046,Long-duration storage,0,50,4,20,720,0.63,0.53,1.1e-08,30,30,2060,2060
25027,25027,MD046,Multi-day storage,0,5,100,500,100,0.65,0.65,1.3889e-05,15,15,2060,2060
34033,34033,LI047,Li-ion battery,0,10,100,500,4,0.92,0.92,1.3889e-05,15,15,2060,2060
34033,34033,LD047,Long-duration storage,0,50,4,20,720,0.63,0.53,1.1e-08,30,30,2060,2060
34033,34033,MD047,Multi-day storage,0,5,100,500,100,0.65,0.65,1.3889e-05,15,15,2060,2060
34021,34021,LI048,Li-ion battery,1,1.0,0,0,1.0,0.92,0.92,1.3889e-05,15,15,2060,2060
34021,34021,LI048,Li-ion battery,0,10,100,500,4,0.92,0.92,1.3889e-05,15,15,2060,2060
34021,34021,LD048,Long-duration storage,0,50,4,20,720,0.63,0.53,1.1e-08,30,30,2060,2060
34021,34021,MD048,Multi-day storage,0,5,100,500,100,0.65,0.65,1.3889e-05,15,15,2060,2060
36013,36013,LI049,Li-ion battery,0,10,100,500,4,0.92,0.92,1.3889e-05,15,15,2060,2060
36013,36013,LD049,Long-duration storage,0,50,4,20,720,0.63,0.53,1.1e-08,30,30,2060,2060
36013,36013,MD049,Multi-day storage,0,5,100,500,100,0.65,0.65,1.3889e-05,15,15,2060,2060
42133,42133,LI050,Li-ion battery,0,10,100,500,4,0.92,0.92,1.3889e-05,15,15,2060,2060
42133,42133,LD050,Long-duration storage,0,50,4,20,720,0.63,0.53,1.1e-08,30,30,2060,2060
42133,42133,MD050,Multi-day storage,0,5,100,500,100,0.65,0.65,1.3889e-05,15,15,2060,2060
42095,42095,LI051,Li-ion battery,0,10,100,500,4,0.92,0.92,1.3889e-05,15,15,2060,2060
42095,42095,LD051,Long-duration storage,0,50,4,20,720,0.63,0.53,1.1e-08,30,30,2060,2060
42095,42095,MD051,Multi-day storage,0,5,100,500,100,0.65,0.65,1.3889e-05,15,15,2060,2060
42127,42127,LI052,Li-ion battery,0,10,100,500,4,0.92,0.92,1.3889e-05,15,15,2060,2060
42127,42127,LD052,Long-duration storage,0,50,4,20,720,0.63,0.53,1.1e-08,30,30,2060,2060
42127,42127,MD052,Multi-day storage,0,5,100,500,100,0.65,0.65,1.3889e-05,15,15,2060,2060
09170,09170,LI053,Li-ion battery,0,10,100,500,4,0.92,0.92,1.3889e-05,15,15,2060,2060
09170,09170,LD053,Long-duration storage,0,50,4,20,720,0.63,0.53,1.1e-08,30,30,2060,2060
09170,09170,MD053,Multi-day storage,0,5,100,500,100,0.65,0.65,1.3889e-05,15,15,2060,2060
42029,42029,LI054,Li-ion battery,0,10,100,500,4,0.92,0.92,1.3889e-05,15,15,2060,2060
42029,42029,LD054,Long-duration storage,0,50,4,20,720,0.63,0.53,1.1e-08,30,30,2060,2060
42029,42029,MD054,Multi-day storage,0,5,100,500,100,0.65,0.65,1.3889e-05,15,15,2060,2060
36047,36047,LI055,Li-ion battery,1,4.8,0,0,3.0,0.92,0.92,1.3889e-05,15,15,2060,2060
36047,36047,LI055,Li-ion battery,0,10,100,500,4,0.92,0.92,1.3889e-05,15,15,2060,2060
36047,36047,LD055,Long-duration storage,0,50,4,20,720,0.63,0.53,1.1e-08,30,30,2060,2060
36047,36047,MD055,Multi-day storage,0,5,100,500,100,0.65,0.65,1.3889e-05,15,15,2060,2060
36043,36043,LI056,Li-ion battery,0,10,100,500,4,0.92,0.92,1.3889e-05,15,15,2060,2060
36043,36043,LD056,Long-duration storage,0,50,4,20,720,0.63,0.53,1.1e-08,30,30,2060,2060
36043,36043,MD056,Multi-day storage,0,5,100,500,100,0.65,0.65,1.3889e-05,15,15,2060,2060
34035,34035,LI057,Li-ion battery,0,10,100,500,4,0.92,0.92,1.3889e-05,15,15,2060,2060
34035,34035,LD057,Long-duration storage,0,50,4,20,720,0.63,0.53,1.1e-08,30,30,2060,2060
34035,34035,MD057,Multi-day storage,0,5,100,500,100,0.65,0.65,1.3889e-05,15,15,2060,2060
42091,42091,LI058,Li-ion battery,0,10,100,500,4,0.92,0.92,1.3889e-05,15,15,2060,2060
42091,42091,LD058,Long-duration storage,0,50,4,20,720,0.63,0.53,1.1e-08,30,30,2060,2060
42091,42091,MD058,Multi-day storage,0,5,100,500,100,0.65,0.65,1.3889e-05,15,15,2060,2060
42013,42013,LI059,Li-ion battery,0,10,100,500,4,0.92,0.92,1.3889e-05,15,15,2060,2060
42013,42013,LD059,Long-duration storage,0,50,4,20,720,0.63,0.53,1.1e-08,30,30,2060,2060
42013,42013,MD059,Multi-day storage,0,5,100,500,100,0.65,0.65,1.3889e-05,15,15,2060,2060
42033,42033,LI060,Li-ion battery,0,10,100,500,4,0.92,0.92,1.3889e-05,15,15,2060,2060
42033,42033,LD060,Long-duration storage,0,50,4,20,720,0.63,0.53,1.1e-08,30,30,2060,2060
42033,42033,MD060,Multi-day storage,0,5,100,500,100,0.65,0.65,1.3889e-05,15,15,2060,2060
42113,42113,LI061,Li-ion battery,0,10,100,500,4,0.92,0.92,1.3889e-05,15,15,2060,2060
42113,42113,LD061,Long-duration storage,0,50,4,20,720,0.63,0.53,1.1e-08,30,30,2060,2060
42113,42113,MD061,Multi-day storage,0,5,100,500,100,0.65,0.65,1.3889e-05,15,15,2060,2060
09180,09180,LI062,Li-ion battery,1,1.6,0,0,4.0,0.92,0.92,1.3889e-05,15,15,2060,2060
09180,09180,LI062,Li-ion battery,0,10,100,500,4,0.92,0.92,1.3889e-05,15,15,2060,2060
09180,09180,LD062,Long-duration storage,0,50,4,20,720,0.63,0.53,1.1e-08,30,30,2060,2060
09180,09180,MD062,Multi-day storage,0,5,100,500,100,0.65,0.65,1.3889e-05,15,15,2060,2060
42111,42111,LI063,Li-ion battery,1,28.4,0,0,1.0,0.92,0.92,1.3889e-05,15,15,2060,2060
42111,42111,LI063,Li-ion battery,0,10,100,500,4,0.92,0.92,1.3889e-05,15,15,2060,2060
42111,42111,LD063,Long-duration storage,0,50,4,20,720,0.63,0.53,1.1e-08,30,30,2060,2060
42111,42111,MD063,Multi-day storage,0,5,100,500,100,0.65,0.65,1.3889e-05,15,15,2060,2060
42101,42101,LI064,Li-ion battery,0,10,100,500,4,0.92,0.92,1.3889e-05,15,15,2060,2060
42101,42101,LD064,Long-duration storage,0,50,4,20,720,0.63,0.53,1.1e-08,30,30,2060,2060
42101,42101,MD064,Multi-day storage,0,5,100,500,100,0.65,0.65,1.3889e-05,15,15,2060,2060
36111,36111,LI065,Li-ion battery,1,4.0,0,0,2.0,0.92,0.92,1.3889e-05,15,15,2060,2060
36111,36111,LI065,Li-ion battery,0,10,100,500,4,0.92,0.92,1.3889e-05,15,15,2060,2060
36111,36111,LD065,Long-duration storage,0,50,4,20,720,0.63,0.53,1.1e-08,30,30,2060,2060
36111,36111,MD065,Multi-day storage,0,5,100,500,100,0.65,0.65,1.3889e-05,15,15,2060,2060
36081,36081,LI066,Li-ion battery,1,2.0,0,0,6.0,0.92,0.92,1.3889e-05,15,15,2060,2060
36081,36081,LI066,Li-ion battery,0,10,100,500,4,0.92,0.92,1.3889e-05,15,15,2060,2060
36081,36081,LD066,Long-duration storage,0,50,4,20,720,0.63,0.53,1.1e-08,30,30,2060,2060
36081,36081,MD066,Multi-day storage,0,5,100,500,100,0.65,0.65,1.3889e-05,15,15,2060,2060
25011,25011,LI067,Li-ion battery,1,2.5,0,0,2.0,0.92,0.92,1.3889e-05,15,15,2060,2060
25011,25011,LI067,Li-ion battery,1,1.3,0,0,4.0,0.92,0.92,1.3889e-05,15,15,2060,2060
25011,25011,LI067,Li-ion battery,0,10,100,500,4,0.92,0.92,1.3889e-05,15,15,2060,2060
25011,25011,LD067,Long-duration storage,0,50,4,20,720,0.63,0.53,1.1e-08,30,30,2060,2060
25011,25011,MD067,Multi-day storage,0,5,100,500,100,0.65,0.65,1.3889e-05,15,15,2060,2060
25011,25011,PH067,Pumped hydro storage,1,1501.0,0,0,8.0,0.9,0.9,1.3889e-05,50,50,2060,2060
42125,42125,LI068,Li-ion battery,0,10,100,500,4,0.92,0.92,1.3889e-05,15,15,2060,2060
42125,42125,LD068,Long-duration storage,0,50,4,20,720,0.63,0.53,1.1e-08,30,30,2060,2060
42125,42125,MD068,Multi-day storage,0,5,100,500,100,0.65,0.65,1.3889e-05,15,15,2060,2060
34001,34001,LI069,Li-ion battery,1,1.0,0,0,1.0,0.92,0.92,1.3889e-05,15,15,2060,2060
34001,34001,LI069,Li-ion battery,0,10,100,500,4,0.92,0.92,1.3889e-05,15,15,2060,2060
34001,34001,LD069,Long-duration storage,0,50,4,20,720,0.63,0.53,1.1e-08,30,30,2060,2060
34001,34001,MD069,Multi-day storage,0,5,100,500,100,0.65,0.65,1.3889e-05,15,15,2060,2060
09130,09130,LI070,Li-ion battery,0,10,100,500,4,0.92,0.92,1.3889e-05,15,15,2060,2060
09130,09130,LD070,Long-duration storage,0,50,4,20,720,0.63,0.53,1.1e-08,30,30,2060,2060
09130,09130,MD070,Multi-day storage,0,5,100,500,100,0.65,0.65,1.3889e-05,15,15,2060,2060
36103,36103,LI071,Li-ion battery,1,10.0,0,0,8.0,0.92,0.92,1.3889e-05,15,15,2060,2060
36103,36103,LI071,Li-ion battery,0,10,100,500,4,0.92,0.92,1.3889e-05,15,15,2060,2060
36103,36103,LD071,Long-duration storage,0,50,4,20,720,0.63,0.53,1.1e-08,30,30,2060,2060
36103,36103,MD071,Multi-day storage,0,5,100,500,100,0.65,0.65,1.3889e-05,15,15,2060,2060
42017,42017,LI072,Li-ion battery,0,10,100,500,4,0.92,0.92,1.3889e-05,15,15,2060,2060
42017,42017,LD072,Long-duration storage,0,50,4,20,720,0.63,0.53,1.1e-08,30,30,2060,2060
42017,42017,MD072,Multi-day storage,0,5,100,500,100,0.65,0.65,1.3889e-05,15,15,2060,2060
36063,36063,LI073,Li-ion battery,0,10,100,500,4,0.92,0.92,1.3889e-05,15,15,2060,2060
36063,36063,LD073,Long-duration storage,0,50,4,20,720,0.63,0.53,1.1e-08,30,30,2060,2060
36063,36063,MD073,Multi-day storage,0,5,100,500,100,0.65,0.65,1.3889e-05,15,15,2060,2060
36063,36063,PH073,Pumped hydro storage,1,220.0,0,0,8.0,0.9,0.9,1.3889e-05,50,50,2060,2060
36119,36119,LI074,Li-ion battery,1,1.0,0,0,2.0,0.92,0.92,1.3889e-05,15,15,2060,2060
36119,36119,LI074,Li-ion battery,1,0.7,0,0,3.0,0.92,0.92,1.3889e-05,15,15,2060,2060
36119,36119,LI074,Li-ion battery,1,2.0,0,0,4.0,0.92,0.92,1.3889e-05,15,15,2060,2060
36119,36119,LI074,Li-ion battery,0,10,100,500,4,0.92,0.92,1.3889e-05,15,15,2060,2060
36119,36119,LD074,Long-duration storage,0,50,4,20,720,0.63,0.53,1.1e-08,30,30,2060,2060
36119,36119,MD074,Multi-day storage,0,5,100,500,100,0.65,0.65,1.3889e-05,15,15,2060,2060
36105,36105,LI075,Li-ion battery,0,10,100,500,4,0.92,0.92,1.3889e-05,15,15,2060,2060
36105,36105,LD075,Long-duration storage,0,50,4,20,720,0.63,0.53,1.1e-08,30,30,2060,2060
36105,36105,MD075,Multi-day storage,0,5,100,500,100,0.65,0.65,1.3889e-05,15,15,2060,2060
25007,25007,LI076,Li-ion battery,0,10,100,500,4,0.92,0.92,1.3889e-05,15,15,2060,2060
25007,25007,LD076,Long-duration storage,0,50,4,20,720,0.63,0.53,1.1e-08,30,30,2060,2060
25007,25007,MD076,Multi-day storage,0,5,100,500,100,0.65,0.65,1.3889e-05,15,15,2060,2060
34031,34031,LI077,Li-ion battery,0,10,100,500,4,0.92,0.92,1.3889e-05,15,15,2060,2060
34031,34031,LD077,Long-duration storage,0,50,4,20,720,0.63,0.53,1.1e-08,30,30,2060,2060
34031,34031,MD077,Multi-day storage,0,5,100,500,100,0.65,0.65,1.3889e-05,15,15,2060,2060
42097,42097,LI078,Li-ion battery,0,10,100,500,4,0.92,0.92,1.3889e-05,15,15,2060,2060
42097,42097,LD078,Long-duration storage,0,50,4,20,720,0.63,0.53,1.1e-08,30,30,2060,2060
42097,42097,MD078,Multi-day storage,0,5,100,500,100,0.65,0.65,1.3889e-05,15,15,2060,2060
36113,36113,LI079,Li-ion battery,0,10,100,500,4,0.92,0.92,1.3889e-05,15,15,2060,2060
36113,36113,LD079,Long-duration storage,0,50,4,20,720,0.63,0.53,1.1e-08,30,30,2060,2060
36113,36113,MD079,Multi-day storage,0,5,100,500,100,0.65,0.65,1.3889e-05,15,15,2060,2060
36075,36075,LI080,Li-ion battery,1,2.0,0,0,2.0,0.92,0.92,1.3889e-05,15,15,2060,2060
36075,36075,LI080,Li-ion battery,1,5.5,0,0,4.0,0.92,0.92,1.3889e-05,15,15,2060,2060
36075,36075,LI080,Li-ion battery,0,10,100,500,4,0.92,0.92,1.3889e-05,15,15,2060,2060
36075,36075,LD080,Long-duration storage,0,50,4,20,720,0.63,0.53,1.1e-08,30,30,2060,2060
36075,36075,MD080,Multi-day storage,0,5,100,500,100,0.65,0.65,1.3889e-05,15,15,2060,2060
44005,44005,LI081,Li-ion battery,0,10,100,500,4,0.92,0.92,1.3889e-05,15,15,2060,2060
44005,44005,LD081,Long-duration storage,0,50,4,20,720,0.63,0.53,1.1e-08,30,30,2060,2060
44005,44005,MD081,Multi-day storage,0,5,100,500,100,0.65,0.65,1.3889e-05,15,15,2060,2060
42023,42023,LI082,Li-ion battery,0,10,100,500,4,0.92,0.92,1.3889e-05,15,15,2060,2060
42023,42023,LD082,Long-duration storage,0,50,4,20,720,0.63,0.53,1.1e-08,30,30,2060,2060
42023,42023,MD082,Multi-day storage,0,5,100,500,100,0.65,0.65,1.3889e-05,15,15,2060,2060
42103,42103,LI083,Li-ion battery,0,10,100,500,4,0.92,0.92,1.3889e-05,15,15,2060,2060
42103,42103,LD083,Long-duration storage,0,50,4,20,720,0.63,0.53,1.1e-08,30,30,2060,2060
42103,42103,MD083,Multi-day storage,0,5,100,500,100,0.65,0.65,1.3889e-05,15,15,2060,2060
36059,36059,LI084,Li-ion battery,0,10,100,500,4,0.92,0.92,1.3889e-05,15,15,2060,2060
36059,36059,LD084,Long-duration storage,0,50,4,20,720,0.63,0.53,1.1e-08,30,30,2060,2060
36059,36059,MD084,Multi-day storage,0,5,100,500,100,0.65,0.65,1.3889e-05,15,15,2060,2060
25009,25009,LI085,Li-ion battery,1,4.6,0,0,2.0,0.92,0.92,1.3889e-05,15,15,2060,2060
25009,25009,LI085,Li-ion battery,1,3.8,0,0,4.0,0.92,0.92,1.3889e-05,15,15,2060,2060
25009,25009,LI085,Li-ion battery,0,10,100,500,4,0.92,0.92,1.3889e-05,15,15,2060,2060
25009,25009,LD085,Long-duration storage,0,50,4,20,720,0.63,0.53,1.1e-08,30,30,2060,2060
25009,25009,MD085,Multi-day storage,0,5,100,500,100,0.65,0.65,1.3889e-05,15,15,2060,2060
34013,34013,LI086,Li-ion battery,1,1.0,0,0,2.0,0.92,0.92,1.3889e-05,15,15,2060,2060
34013,34013,LI086,Li-ion battery,0,10,100,500,4,0.92,0.92,1.3889e-05,15,15,2060,2060
34013,34013,LD086,Long-duration storage,0,50,4,20,720,0.63,0.53,1.1e-08,30,30,2060,2060
34013,34013,MD086,Multi-day storage,0,5,100,500,100,0.65,0.65,1.3889e-05,15,15,2060,2060
42089,42089,LI087,Li-ion battery,0,10,100,500,4,0.92,0.92,1.3889e-05,15,15,2060,2060
42089,42089,LD087,Long-duration storage,0,50,4,20,720,0.63,0.53,1.1e-08,30,30,2060,2060
42089,42089,MD087,Multi-day storage,0,5,100,500,100,0.65,0.65,1.3889e-05,15,15,2060,2060
34007,34007,LI088,Li-ion battery,0,10,100,500,4,0.92,0.92,1.3889e-05,15,15,2060,2060
34007,34007,LD088,Long-duration storage,0,50,4,20,720,0.63,0.53,1.1e-08,30,30,2060,2060
34007,34007,MD088,Multi-day storage,0,5,100,500,100,0.65,0.65,1.3889e-05,15,15,2060,2060
42129,42129,LI089,Li-ion battery,0,10,100,500,4,0.92,0.92,1.3889e-05,15,15,2060,2060
42129,42129,LD089,Long-duration storage,0,50,4,20,720,0.63,0.53,1.1e-08,30,30,2060,2060
42129,42129,MD089,Multi-day storage,0,5,100,500,100,0.65,0.65,1.3889e-05,15,15,2060,2060
09190,09190,LI090,Li-ion battery,0,10,100,500,4,0.92,0.92,1.3889e-05,15,15,2060,2060
09190,09190,LD090,Long-duration storage,0,50,4,20,720,0.63,0.53,1.1e-08,30,30,2060,2060
09190,09190,MD090,Multi-day storage,0,5,100,500,100,0.65,0.65,1.3889e-05,15,15,2060,2060
09190,09190,PH090,Pumped hydro storage,1,31.0,0,0,8.0,0.9,0.9,1.3889e-05,50,50,2060,2060
09140,09140,LI091,Li-ion battery,0,10,100,500,4,0.92,0.92,1.3889e-05,15,15,2060,2060
09140,09140,LD091,Long-duration storage,0,50,4,20,720,0.63,0.53,1.1e-08,30,30,2060,2060
09140,09140,MD091,Multi-day storage,0,5,100,500,100,0.65,0.65,1.3889e-05,15,15,2060,2060
09120,09120,LI092,Li-ion battery,0,10,100,500,4,0.92,0.92,1.3889e-05,15,15,2060,2060
09120,09120,LD092,Long-duration storage,0,50,4,20,720,0.63,0.53,1.1e-08,30,30,2060,2060
09120,09120,MD092,Multi-day storage,0,5,100,500,100,0.65,0.65,1.3889e-05,15,15,2060,2060
36079,36079,LI093,Li-ion battery,0,10,100,500,4,0.92,0.92,1.3889e-05,15,15,2060,2060
36079,36079,LD093,Long-duration storage,0,50,4,20,720,0.63,0.53,1.1e-08,30,30,2060,2060
36079,36079,MD093,Multi-day storage,0,5,100,500,100,0.65,0.65,1.3889e-05,15,15,2060,2060
36029,36029,LI094,Li-ion battery,1,20.0,0,0,2.0,0.92,0.92,1.3889e-05,15,15,2060,2060
36029,36029,LI094,Li-ion battery,0,10,100,500,4,0.92,0.92,1.3889e-05,15,15,2060,2060
36029,36029,LD094,Long-duration storage,0,50,4,20,720,0.63,0.53,1.1e-08,30,30,2060,2060
36029,36029,MD094,Multi-day storage,0,5,100,500,100,0.65,0.65,1.3889e-05,15,15,2060,2060
36001,36001,LI095,Li-ion battery,0,10,100,500,4,0.92,0.92,1.3889e-05,15,15,2060,2060
36001,36001,LD095,Long-duration storage,0,50,4,20,720,0.63,0.53,1.1e-08,30,30,2060,2060
36001,36001,MD095,Multi-day storage,0,5,100,500,100,0.65,0.65,1.3889e-05,15,15,2060,2060
25019,25019,LI096,Li-ion battery,1,6.0,0,0,8.0,0.92,0.92,1.3889e-05,15,15,2060,2060
25019,25019,LI096,Li-ion battery,0,10,100,500,4,0.92,0.92,1.3889e-05,15,15,2060,2060
25019,25019,LD096,Long-duration storage,0,50,4,20,720,0.63,0.53,1.1e-08,30,30,2060,2060
25019,25019,MD096,Multi-day storage,0,5,100,500,100,0.65,0.65,1.3889e-05,15,15,2060,2060
42003,42003,LI097,Li-ion battery,0,10,100,500,4,0.92,0.92,1.3889e-05,15,15,2060,2060
42003,42003,LD097,Long-duration storage,0,50,4,20,720,0.63,0.53,1.1e-08,30,30,2060,2060
42003,42003,MD097,Multi-day storage,0,5,100,500,100,0.65,0.65,1.3889e-05,15,15,2060,2060
42005,42005,LI098,Li-ion battery,0,10,100,500,4,0.92,0.92,1.3889e-05,15,15,2060,2060
42005,42005,LD098,Long-duration storage,0,50,4,20,720,0.63,0.53,1.1e-08,30,30,2060,2060
42005,42005,MD098,Multi-day storage,0,5,100,500,100,0.65,0.65,1.3889e-05,15,15,2060,2060
42119,42119,LI099,Li-ion battery,0,10,100,500,4,0.92,0.92,1.3889e-05,15,15,2060,2060
42119,42119,LD099,Long-duration storage,0,50,4,20,720,0.63,0.53,1.1e-08,30,30,2060,2060
42119,42119,MD099,Multi-day storage,0,5,100,500,100,0.65,0.65,1.3889e-05,15,15,2060,2060
42077,42077,LI100,Li-ion battery,0,10,100,500,4,0.92,0.92,1.3889e-05,15,15,2060,2060
42077,42077,LD100,Long-duration storage,0,50,4,20,720,0.63,0.53,1.1e-08,30,30,2060,2060
42077,42077,MD100,Multi-day storage,0,5,100,500,100,0.65,0.65,1.3889e-05,15,15,2060,2060
42037,42037,LI101,Li-ion battery,0,10,100,500,4,0.92,0.92,1.3889e-05,15,15,2060,2060
42037,42037,LD101,Long-duration storage,0,50,4,20,720,0.63,0.53,1.1e-08,30,30,2060,2060
42037,42037,MD101,Multi-day storage,0,5,100,500,100,0.65,0.65,1.3889e-05,15,15,2060,2060
36023,36023,LI102,Li-ion battery,0,10,100,500,4,0.92,0.92,1.3889e-05,15,15,2060,2060
36023,36023,LD102,Long-duration storage,0,50,4,20,720,0.63,0.53,1.1e-08,30,30,2060,2060
36023,36023,MD102,Multi-day storage,0,5,100,500,100,0.65,0.65,1.3889e-05,15,15,2060,2060
36041,36041,LI103,Li-ion battery,0,10,100,500,4,0.92,0.92,1.3889e-05,15,15,2060,2060
36041,36041,LD103,Long-duration storage,0,50,4,20,720,0.63,0.53,1.1e-08,30,30,2060,2060
36041,36041,MD103,Multi-day storage,0,5,100,500,100,0.65,0.65,1.3889e-05,15,15,2060,2060
36097,36097,LI104,Li-ion battery,0,10,100,500,4,0.92,0.92,1.3889e-05,15,15,2060,2060
36097,36097,LD104,Long-duration storage,0,50,4,20,720,0.63,0.53,1.1e-08,30,30,2060,2060
36097,36097,MD104,Multi-day storage,0,5,100,500,100,0.65,0.65,1.3889e-05,15,15,2060,2060
36123,36123,LI105,Li-ion battery,0,10,100,500,4,0.92,0.92,1.3889e-05,15,15,2060,2060
36123,36123,LD105,Long-duration storage,0,50,4,20,720,0.63,0.53,1.1e-08,30,30,2060,2060
36123,36123,MD105,Multi-day storage,0,5,100,500,100,0.65,0.65,1.3889e-05,15,15,2060,2060
09160,09160,LI106,Li-ion battery,0,10,100,500,4,0.92,0.92,1.3889e-05,15,15,2060,2060
09160,09160,LD106,Long-duration storage,0,50,4,20,720,0.63,0.53,1.1e-08,30,30,2060,2060
09160,09160,MD106,Multi-day storage,0,5,100,500,100,0.65,0.65,1.3889e-05,15,15,2060,2060
36085,36085,LI107,Li-ion battery,1,7.5,0,0,4.0,0.92,0.92,1.3889e-05,15,15,2060,2060
36085,36085,LI107,Li-ion battery,0,10,100,500,4,0.92,0.92,1.3889e-05,15,15,2060,2060
36085,36085,LD107,Long-duration storage,0,50,4,20,720,0.63,0.53,1.1e-08,30,30,2060,2060
36085,36085,MD107,Multi-day storage,0,5,100,500,100,0.65,0.65,1.3889e-05,15,15,2060,2060
36033,36033,LI108,Li-ion battery,1,20.0,0,0,1.0,0.92,0.92,1.3889e-05,15,15,2060,2060
36033,36033,LI108,Li-ion battery,0,10,100,500,4,0.92,0.92,1.3889e-05,15,15,2060,2060
36033,36033,LD108,Long-duration storage,0,50,4,20,720,0.63,0.53,1.1e-08,30,30,2060,2060
36033,36033,MD108,Multi-day storage,0,5,100,500,100,0.65,0.65,1.3889e-05,15,15,2060,2060
42115,42115,LI109,Li-ion battery,0,10,100,500,4,0.92,0.92,1.3889e-05,15,15,2060,2060
42115,42115,LD109,Long-duration storage,0,50,4,20,720,0.63,0.53,1.1e-08,30,30,2060,2060
42115,42115,MD109,Multi-day storage,0,5,100,500,100,0.65,0.65,1.3889e-05,15,15,2060,2060
36073,36073,LI110,Li-ion battery,0,10,100,500,4,0.92,0.92,1.3889e-05,15,15,2060,2060
36073,36073,LD110,Long-duration storage,0,50,4,20,720,0.63,0.53,1.1e-08,30,30,2060,2060
36073,36073,MD110,Multi-day storage,0,5,100,500,100,0.65,0.65,1.3889e-05,15,15,2060,2060
36005,36005,LI111,Li-ion battery,1,3.0,0,0,1.0,0.92,0.92,1.3889e-05,15,15,2060,2060
36005,36005,LI111,Li-ion battery,1,3.0,0,0,4.0,0.92,0.92,1.3889e-05,15,15,2060,2060
36005,36005,LI111,Li-ion battery,0,10,100,500,4,0.92,0.92,1.3889e-05,15,15,2060,2060
36005,36005,LD111,Long-duration storage,0,50,4,20,720,0.63,0.53,1.1e-08,30,30,2060,2060
36005,36005,MD111,Multi-day storage,0,5,100,500,100,0.65,0.65,1.3889e-05,15,15,2060,2060
36055,36055,LI112,Li-ion battery,0,10,100,500,4,0.92,0.92,1.3889e-05,15,15,2060,2060
36055,36055,LD112,Long-duration storage,0,50,4,20,720,0.63,0.53,1.1e-08,30,30,2060,2060
36055,36055,MD112,Multi-day storage,0,5,100,500,100,0.65,0.65,1.3889e-05,15,15,2060,2060
36057,36057,LI113,Li-ion battery,0,10,100,500,4,0.92,0.92,1.3889e-05,15,15,2060,2060
36057,36057,LD113,Long-duration storage,0,50,4,20,720,0.63,0.53,1.1e-08,30,30,2060,2060
36057,36057,MD113,Multi-day storage,0,5,100,500,100,0.65,0.65,1.3889e-05,15,15,2060,2060
34029,34029,LI114,Li-ion battery,1,19.8,0,0,1.0,0.92,0.92,1.3889e-05,15,15,2060,2060
34029,34029,LI114,Li-ion battery,0,10,100,500,4,0.92,0.92,1.3889e-05,15,15,2060,2060
34029,34029,LD114,Long-duration storage,0,50,4,20,720,0.63,0.53,1.1e-08,30,30,2060,2060
34029,34029,MD114,Multi-day storage,0,5,100,500,100,0.65,0.65,1.3889e-05,15,15,2060,2060
34025,34025,LI115,Li-ion battery,1,7.0,0,0,1.0,0.92,0.92,1.3889e-05,15,15,2060,2060
34025,34025,LI115,Li-ion battery,0,10,100,500,4,0.92,0.92,1.3889e-05,15,15,2060,2060
34025,34025,LD115,Long-duration storage,0,50,4,20,720,0.63,0.53,1.1e-08,30,30,2060,2060
34025,34025,MD115,Multi-day storage,0,5,100,500,100,0.65,0.65,1.3889e-05,15,15,2060,2060
34017,34017,LI116,Li-ion battery,0,10,100,500,4,0.92,0.92,1.3889e-05,15,15,2060,2060
34017,34017,LD116,Long-duration storage,0,50,4,20,720,0.63,0.53,1.1e-08,30,30,2060,2060
34017,34017,MD116,Multi-day storage,0,5,100,500,100,0.65,0.65,1.3889e-05,15,15,2060,2060
34039,34039,LI117,Li-ion battery,0,10,100,500,4,0.92,0.92,1.3889e-05,15,15,2060,2060
34039,34039,LD117,Long-duration storage,0,50,4,20,720,0.63,0.53,1.1e-08,30,30,2060,2060
34039,34039,MD117,Multi-day storage,0,5,100,500,100,0.65,0.65,1.3889e-05,15,15,2060,2060
36087,36087,LI118,Li-ion battery,1,3.0,0,0,4.0,0.92,0.92,1.3889e-05,15,15,2060,2060
36087,36087,LI118,Li-ion battery,0,10,100,500,4,0.92,0.92,1.3889e-05,15,15,2060,2060
36087,36087,LD118,Long-duration storage,0,50,4,20,720,0.63,0.53,1.1e-08,30,30,2060,2060
36087,36087,MD118,Multi-day storage,0,5,100,500,100,0.65,0.65,1.3889e-05,15,15,2060,2060
36003,36003,LI119,Li-ion battery,0,10,100,500,4,0.92,0.92,1.3889e-05,15,15,2060,2060
36003,36003,LD119,Long-duration storage,0,50,4,20,720,0.63,0.53,1.1e-08,30,30,2060,2060
36003,36003,MD119,Multi-day storage,0,5,100,500,100,0.65,0.65,1.3889e-05,15,15,2060,2060
42073,42073,LI120,Li-ion battery,0,10,100,500,4,0.92,0.92,1.3889e-05,15,15,2060,2060
42073,42073,LD120,Long-duration storage,0,50,4,20,720,0.63,0.53,1.1e-08,30,30,2060,2060
42073,42073,MD120,Multi-day storage,0,5,100,500,100,0.65,0.65,1.3889e-05,15,15,2060,2060
42009,42009,LI121,Li-ion battery,0,10,100,500,4,0.92,0.92,1.3889e-05,15,15,2060,2060
42009,42009,LD121,Long-duration storage,0,50,4,20,720,0.63,0.53,1.1e-08,30,30,2060,2060
42009,42009,MD121,Multi-day storage,0,5,100,500,100,0.65,0.65,1.3889e-05,15,15,2060,2060
36021,36021,LI122,Li-ion battery,0,10,100,500,4,0.92,0.92,1.3889e-05,15,15,2060,2060
36021,36021,LD122,Long-duration storage,0,50,4,20,720,0.63,0.53,1.1e-08,30,30,2060,2060
36021,36021,MD122,Multi-day storage,0,5,100,500,100,0.65,0.65,1.3889e-05,15,15,2060,2060
42085,42085,LI123,Li-ion battery,0,10,100,500,4,0.92,0.92,1.3889e-05,15,15,2060,2060
42085,42085,LD123,Long-duration storage,0,50,4,20,720,0.63,0.53,1.1e-08,30,30,2060,2060
42085,42085,MD123,Multi-day storage,0,5,100,500,100,0.65,0.65,1.3889e-05,15,15,2060,2060
42083,42083,LI124,Li-ion battery,0,10,100,500,4,0.92,0.92,1.3889e-05,15,15,2060,2060
42083,42083,LD124,Long-duration storage,0,50,4,20,720,0.63,0.53,1.1e-08,30,30,2060,2060
42083,42083,MD124,Multi-day storage,0,5,100,500,100,0.65,0.65,1.3889e-05,15,15,2060,2060
42015,42015,LI125,Li-ion battery,0,10,100,500,4,0.92,0.92,1.3889e-05,15,15,2060,2060
42015,42015,LD125,Long-duration storage,0,50,4,20,720,0.63,0.53,1.1e-08,30,30,2060,2060
42015,42015,MD125,Multi-day storage,0,5,100,500,100,0.65,0.65,1.3889e-05,15,15,2060,2060
42123,42123,LI126,Li-ion battery,0,10,100,500,4,0.92,0.92,1.3889e-05,15,15,2060,2060
42123,42123,LD126,Long-duration storage,0,50,4,20,720,0.63,0.53,1.1e-08,30,30,2060,2060
42123,42123,MD126,Multi-day storage,0,5,100,500,100,0.65,0.65,1.3889e-05,15,15,2060,2060
42123,42123,PH126,Pumped hydro storage,1,411.8,0,0,8.0,0.9,0.9,1.3889e-05,50,50,2060,2060
44001,44001,LI127,Li-ion battery,0,10,100,500,4,0.92,0.92,1.3889e-05,15,15,2060,2060
44001,44001,LD127,Long-duration storage,0,50,4,20,720,0.63,0.53,1.1e-08,30,30,2060,2060
44001,44001,MD127,Multi-day storage,0,5,100,500,100,0.65,0.65,1.3889e-05,15,15,2060,2060
36069,36069,LI128,Li-ion battery,0,10,100,500,4,0.92,0.92,1.3889e-05,15,15,2060,2060
36069,36069,LD128,Long-duration storage,0,50,4,20,720,0.63,0.53,1.1e-08,30,30,2060,2060
36069,36069,MD128,Multi-day storage,0,5,100,500,100,0.65,0.65,1.3889e-05,15,15,2060,2060
36083,36083,LI129,Li-ion battery,0,10,100,500,4,0.92,0.92,1.3889e-05,15,15,2060,2060
36083,36083,LD129,Long-duration storage,0,50,4,20,720,0.63,0.53,1.1e-08,30,30,2060,2060
36083,36083,MD129,Multi-day storage,0,5,100,500,100,0.65,0.65,1.3889e-05,15,15,2060,2060
36093,36093,LI130,Li-ion battery,1,5.0,0,0,4.0,0.92,0.92,1.3889e-05,15,15,2060,2060
36093,36093,LI130,Li-ion battery,0,10,100,500,4,0.92,0.92,1.3889e-05,15,15,2060,2060
36093,36093,LD130,Long-duration storage,0,50,4,20,720,0.63,0.53,1.1e-08,30,30,2060,2060
36093,36093,MD130,Multi-day storage,0,5,100,500,100,0.65,0.65,1.3889e-05,15,15,2060,2060
36035,36035,LI131,Li-ion battery,0,10,100,500,4,0.92,0.92,1.3889e-05,15,15,2060,2060
36035,36035,LD131,Long-duration storage,0,50,4,20,720,0.63,0.53,1.1e-08,30,30,2060,2060
36035,36035,MD131,Multi-day storage,0,5,100,500,100,0.65,0.65,1.3889e-05,15,15,2060,2060
36007,36007,LI132,Li-ion battery,0,10,100,500,4,0.92,0.92,1.3889e-05,15,15,2060,2060
36007,36007,LD132,Long-duration storage,0,50,4,20,720,0.63,0.53,1.1e-08,30,30,2060,2060
36007,36007,MD132,Multi-day storage,0,5,100,500,100,0.65,0.65,1.3889e-05,15,15,2060,2060
36107,36107,LI133,Li-ion battery,0,10,100,500,4,0.92,0.92,1.3889e-05,15,15,2060,2060
36107,36107,LD133,Long-duration storage,0,50,4,20,720,0.63,0.53,1.1e-08,30,30,2060,2060
36107,36107,MD133,Multi-day storage,0,5,100,500,100,0.65,0.65,1.3889e-05,15,15,2060,2060
36027,36027,LI134,Li-ion battery,1,2.0,0,0,2.0,0.92,0.92,1.3889e-05,15,15,2060,2060
36027,36027,LI134,Li-ion battery,0,10,100,500,4,0.92,0.92,1.3889e-05,15,15,2060,2060
36027,36027,LD134,Long-duration storage,0,50,4,20,720,0.63,0.53,1.1e-08,30,30,2060,2060
36027,36027,MD134,Multi-day storage,0,5,100,500,100,0.65,0.65,1.3889e-05,15,15,2060,2060
42117,42117,LI135,Li-ion battery,0,10,100,500,4,0.92,0.92,1.3889e-05,15,15,2060,2060
42117,42117,LD135,Long-duration storage,0,50,4,20,720,0.63,0.53,1.1e-08,30,30,2060,2060
42117,42117,MD135,Multi-day storage,0,5,100,500,100,0.65,0.65,1.3889e-05,15,15,2060,2060
44003,44003,LI136,Li-ion battery,0,10,100,500,4,0.92,0.92,1.3889e-05,15,15,2060,2060
44003,44003,LD136,Long-duration storage,0,50,4,20,720,0.63,0.53,1.1e-08,30,30,2060,2060
44003,44003,MD136,Multi-day storage,0,5,100,500,100,0.65,0.65,1.3889e-05,15,15,2060,2060
36101,36101,LI137,Li-ion battery,0,10,100,500,4,0.92,0.92,1.3889e-05,15,15,2060,2060
36101,36101,LD137,Long-duration storage,0,50,4,20,720,0.63,0.53,1.1e-08,30,30,2060,2060
36101,36101,MD137,Multi-day storage,0,5,100,500,100,0.65,0.65,1.3889e-05,15,15,2060,2060
25023,25023,LI138,Li-ion battery,1,5.0,0,0,1.0,0.92,0.92,1.3889e-05,15,15,2060,2060
25023,25023,LI138,Li-ion battery,1,14.7,0,0,2.0,0.92,0.92,1.3889e-05,15,15,2060,2060
25023,25023,LI138,Li-ion battery,1,4.5,0,0,3.0,0.92,0.92,1.3889e-05,15,15,2060,2060
25023,25023,LI138,Li-ion battery,1,5.0,0,0,4.0,0.92,0.92,1.3889e-05,15,15,2060,2060
25023,25023,LI138,Li-ion battery,1,2.5,0,0,5.0,0.92,0.92,1.3889e-05,15,15,2060,2060
25023,25023,LI138,Li-ion battery,0,10,100,500,4,0.92,0.92,1.3889e-05,15,15,2060,2060
25023,25023,LD138,Long-duration storage,0,50,4,20,720,0.63,0.53,1.1e-08,30,30,2060,2060
25023,25023,MD138,Multi-day storage,0,5,100,500,100,0.65,0.65,1.3889e-05,15,15,2060,2060
42105,42105,LI139,Li-ion battery,0,10,100,500,4,0.92,0.92,1.3889e-05,15,15,2060,2060
42105,42105,LD139,Long-duration storage,0,50,4,20,720,0.63,0.53,1.1e-08,30,30,2060,2060
42105,42105,MD139,Multi-day storage,0,5,100,500,100,0.65,0.65,1.3889e-05,15,15,2060,2060
42011,42011,LI140,Li-ion battery,0,10,100,500,4,0.92,0.92,1.3889e-05,15,15,2060,2060
42011,42011,LD140,Long-duration storage,0,50,4,20,720,0.63,0.53,1.1e-08,30,30,2060,2060
42011,42011,MD140,Multi-day storage,0,5,100,500,100,0.65,0.65,1.3889e-05,15,15,2060,2060
42087,42087,LI141,Li-ion battery,0,10,100,500,4,0.92,0.92,1.3889e-05,15,15,2060,2060
42087,42087,LD141,Long-duration storage,0,50,4,20,720,0.63,0.53,1.1e-08,30,30,2060,2060
42087,42087,MD141,Multi-day storage,0,5,100,500,100,0.65,0.65,1.3889e-05,15,15,2060,2060
36109,36109,LI142,Li-ion battery,1,3.0,0,0,1.0,0.92,0.92,1.3889e-05,15,15,2060,2060
36109,36109,LI142,Li-ion battery,0,10,100,500,4,0.92,0.92,1.3889e-05,15,15,2060,2060
36109,36109,LD142,Long-duration storage,0,50,4,20,720,0.63,0.53,1.1e-08,30,30,2060,2060
36109,36109,MD142,Multi-day storage,0,5,100,500,100,0.65,0.65,1.3889e-05,15,15,2060,2060
42053,42053,LI143,Li-ion battery,0,10,100,500,4,0.92,0.92,1.3889e-05,15,15,2060,2060
42053,42053,LD143,Long-duration storage,0,50,4,20,720,0.63,0.53,1.1e-08,30,30,2060,2060
42053,42053,MD143,Multi-day storage,0,5,100,500,100,0.65,0.65,1.3889e-05,15,15,2060,2060
42093,42093,LI144,Li-ion battery,0,10,100,500,4,0.92,0.92,1.3889e-05,15,15,2060,2060
42093,42093,LD144,Long-duration storage,0,50,4,20,720,0.63,0.53,1.1e-08,30,30,2060,2060
42093,42093,MD144,Multi-day storage,0,5,100,500,100,0.65,0.65,1.3889e-05,15,15,2060,2060
42107,42107,LI145,Li-ion battery,0,10,100,500,4,0.92,0.92,1.3889e-05,15,15,2060,2060
42107,42107,LD145,Long-duration storage,0,50,4,20,720,0.63,0.53,1.1e-08,30,30,2060,2060
42107,42107,MD145,Multi-day storage,0,5,100,500,100,0.65,0.65,1.3889e-05,15,15,2060,2060
36121,36121,LI146,Li-ion battery,1,24.7,0,0,1.0,0.92,0.92,1.3889e-05,15,15,2060,2060
36121,36121,LI146,Li-ion battery,0,10,100,500,4,0.92,0.92,1.3889e-05,15,15,2060,2060
36121,36121,LD146,Long-duration storage,0,50,4,20,720,0.63,0.53,1.1e-08,30,30,2060,2060
36121,36121,MD146,Multi-day storage,0,5,100,500,100,0.65,0.65,1.3889e-05,15,15,2060,2060
42065,42065,LI147,Li-ion battery,0,10,100,500,4,0.92,0.92,1.3889e-05,15,15,2060,2060
42065,42065,LD147,Long-duration storage,0,50,4,20,720,0.63,0.53,1.1e-08,30,30,2060,2060
42065,42065,MD147,Multi-day storage,0,5,100,500,100,0.65,0.65,1.3889e-05,15,15,2060,2060
42047,42047,LI148,Li-ion battery,0,10,100,500,4,0.92,0.92,1.3889e-05,15,15,2060,2060
42047,42047,LD148,Long-duration storage,0,50,4,20,720,0.63,0.53,1.1e-08,30,30,2060,2060
42047,42047,MD148,Multi-day storage,0,5,100,500,100,0.65,0.65,1.3889e-05,15,15,2060,2060
42069,42069,LI149,Li-ion battery,0,10,100,500,4,0.92,0.92,1.3889e-05,15,15,2060,2060
42069,42069,LD149,Long-duration storage,0,50,4,20,720,0.63,0.53,1.1e-08,30,30,2060,2060
42069,42069,MD149,Multi-day storage,0,5,100,500,100,0.65,0.65,1.3889e-05,15,15,2060,2060
42041,42041,LI150,Li-ion battery,0,10,100,500,4,0.92,0.92,1.3889e-05,15,15,2060,2060
42041,42041,LD150,Long-duration storage,0,50,4,20,720,0.63,0.53,1.1e-08,30,30,2060,2060
42041,42041,MD150,Multi-day storage,0,5,100,500,100,0.65,0.65,1.3889e-05,15,15,2060,2060
42007,42007,LI151,Li-ion battery,0,10,100,500,4,0.92,0.92,1.3889e-05,15,15,2060,2060
42007,42007,LD151,Long-duration storage,0,50,4,20,720,0.63,0.53,1.1e-08,30,30,2060,2060
42007,42007,MD151,Multi-day storage,0,5,100,500,100,0.65,0.65,1.3889e-05,15,15,2060,2060
36015,36015,LI152,Li-ion battery,0,10,100,500,4,0.92,0.92,1.3889e-05,15,15,2060,2060
36015,36015,LD152,Long-duration storage,0,50,4,20,720,0.63,0.53,1.1e-08,30,30,2060,2060
36015,36015,MD152,Multi-day storage,0,5,100,500,100,0.65,0.65,1.3889e-05,15,15,2060,2060
36117,36117,LI153,Li-ion battery,0,10,100,500,4,0.92,0.92,1.3889e-05,15,15,2060,2060
36117,36117,LD153,Long-duration storage,0,50,4,20,720,0.63,0.53,1.1e-08,30,30,2060,2060
36117,36117,MD153,Multi-day storage,0,5,100,500,100,0.65,0.65,1.3889e-05,15,15,2060,2060
36011,36011,LI154,Li-ion battery,0,10,100,500,4,0.92,0.92,1.3889e-05,15,15,2060,2060
36011,36011,LD154,Long-duration storage,0,50,4,20,720,0.63,0.53,1.1e-08,30,30,2060,2060
36011,36011,MD154,Multi-day storage,0,5,100,500,100,0.65,0.65,1.3889e-05,15,15,2060,2060
09150,09150,LI155,Li-ion battery,0,10,100,500,4,0.92,0.92,1.3889e-05,15,15,2060,2060
09150,09150,LD155,Long-duration storage,0,50,4,20,720,0.63,0.53,1.1e-08,30,30,2060,2060
09150,09150,MD155,Multi-day storage,0,5,100,500,100,0.65,0.65,1.3889e-05,15,15,2060,2060
36095,36095,LI156,Li-ion battery,0,10,100,500,4,0.92,0.92,1.3889e-05,15,15,2060,2060
36095,36095,LD156,Long-duration storage,0,50,4,20,720,0.63,0.53,1.1e-08,30,30,2060,2060
36095,36095,MD156,Multi-day storage,0,5,100,500,100,0.65,0.65,1.3889e-05,15,15,2060,2060
36095,36095,PH156,Pumped hydro storage,1,1000.0,0,0,8.0,0.9,0.9,1.3889e-05,50,50,2060,2060
36099,36099,LI157,Li-ion battery,0,10,100,500,4,0.92,0.92,1.3889e-05,15,15,2060,2060
36099,36099,LD157,Long-duration storage,0,50,4,20,720,0.63,0.53,1.1e-08,30,30,2060,2060
36099,36099,MD157,Multi-day storage,0,5,100,500,100,0.65,0.65,1.3889e-05,15,15,2060,2060
36037,36037,LI158,Li-ion battery,0,10,100,500,4,0.92,0.92,1.3889e-05,15,15,2060,2060
36037,36037,LD158,Long-duration storage,0,50,4,20,720,0.63,0.53,1.1e-08,30,30,2060,2060
36037,36037,MD158,Multi-day storage,0,5,100,500,100,0.65,0.65,1.3889e-05,15,15,2060,2060
42057,42057,LI159,Li-ion battery,0,10,100,500,4,0.92,0.92,1.3889e-05,15,15,2060,2060
42057,42057,LD159,Long-duration storage,0,50,4,20,720,0.63,0.53,1.1e-08,30,30,2060,2060
42057,42057,MD159,Multi-day storage,0,5,100,500,100,0.65,0.65,1.3889e-05,15,15,2060,2060
42039,42039,LI160,Li-ion battery,0,10,100,500,4,0.92,0.92,1.3889e-05,15,15,2060,2060
42039,42039,LD160,Long-duration storage,0,50,4,20,720,0.63,0.53,1.1e-08,30,30,2060,2060
42039,42039,MD160,Multi-day storage,0,5,100,500,100,0.65,0.65,1.3889e-05,15,15,2060,2060
36039,36039,LI161,Li-ion battery,0,10,100,500,4,0.92,0.92,1.3889e-05,15,15,2060,2060
36039,36039,LD161,Long-duration storage,0,50,4,20,720,0.63,0.53,1.1e-08,30,30,2060,2060
36039,36039,MD161,Multi-day storage,0,5,100,500,100,0.65,0.65,1.3889e-05,15,15,2060,2060
42079,42079,LI162,Li-ion battery,0,10,100,500,4,0.92,0.92,1.3889e-05,15,15,2060,2060
42079,42079,LD162,Long-duration storage,0,50,4,20,720,0.63,0.53,1.1e-08,30,30,2060,2060
42079,42079,MD162,Multi-day storage,0,5,100,500,100,0.65,0.65,1.3889e-05,15,15,2060,2060
42081,42081,LI163,Li-ion battery,0,10,100,500,4,0.92,0.92,1.3889e-05,15,15,2060,2060
42081,42081,LD163,Long-duration storage,0,50,4,20,720,0.63,0.53,1.1e-08,30,30,2060,2060
42081,42081,MD163,Multi-day storage,0,5,100,500,100,0.65,0.65,1.3889e-05,15,15,2060,2060
42075,42075,LI164,Li-ion battery,0,10,100,500,4,0.92,0.92,1.3889e-05,15,15,2060,2060
42075,42075,LD164,Long-duration storage,0,50,4,20,720,0.63,0.53,1.1e-08,30,30,2060,2060
42075,42075,MD164,Multi-day storage,0,5,100,500,100,0.65,0.65,1.3889e-05,15,15,2060,2060
42019,42019,LI165,Li-ion battery,0,10,100,500,4,0.92,0.92,1.3889e-05,15,15,2060,2060
42019,42019,LD165,Long-duration storage,0,50,4,20,720,0.63,0.53,1.1e-08,30,30,2060,2060
42019,42019,MD165,Multi-day storage,0,5,100,500,100,0.65,0.65,1.3889e-05,15,15,2060,2060
42021,42021,LI166,Li-ion battery,0,10,100,500,4,0.92,0.92,1.3889e-05,15,15,2060,2060
42021,42021,LD166,Long-duration storage,0,50,4,20,720,0.63,0.53,1.1e-08,30,30,2060,2060
42021,42021,MD166,Multi-day storage,0,5,100,500,100,0.65,0.65,1.3889e-05,15,15,2060,2060
34037,34037,LI167,Li-ion battery,1,20.0,0,0,1.0,0.92,0.92,1.3889e-05,15,15,2060,2060
34037,34037,LI167,Li-ion battery,0,10,100,500,4,0.92,0.92,1.3889e-05,15,15,2060,2060
34037,34037,LD167,Long-duration storage,0,50,4,20,720,0.63,0.53,1.1e-08,30,30,2060,2060
34037,34037,MD167,Multi-day storage,0,5,100,500,100,0.65,0.65,1.3889e-05,15,15,2060,2060
42121,42121,LI168,Li-ion battery,0,10,100,500,4,0.92,0.92,1.3889e-05,15,15,2060,2060
42121,42121,LD168,Long-duration storage,0,50,4,20,720,0.63,0.53,1.1e-08,30,30,2060,2060
42121,42121,MD168,Multi-day storage,0,5,100,500,100,0.65,0.65,1.3889e-05,15,15,2060,2060
44009,44009,LI169,Li-ion battery,0,10,100,500,4,0.92,0.92,1.3889e-05,15,15,2060,2060
44009,44009,LD169,Long-duration storage,0,50,4,20,720,0.63,0.53,1.1e-08,30,30,2060,2060
44009,44009,MD169,Multi-day storage,0,5,100,500,100,0.65,0.65,1.3889e-05,15,15,2060,2060
25021,25021,LI170,Li-ion battery,1,10.6,0,0,2.0,0.92,0.92,1.3889e-05,15,15,2060,2060
25021,25021,LI170,Li-ion battery,1,2.6,0,0,4.0,0.92,0.92,1.3889e-05,15,15,2060,2060
25021,25021,LI170,Li-ion battery,1,0.8,0,0,5.0,0.92,0.92,1.3889e-05,15,15,2060,2060
25021,25021,LI170,Li-ion battery,0,10,100,500,4,0.92,0.92,1.3889e-05,15,15,2060,2060
25021,25021,LD170,Long-duration storage,0,50,4,20,720,0.63,0.53,1.1e-08,30,30,2060,2060
25021,25021,MD170,Multi-day storage,0,5,100,500,100,0.65,0.65,1.3889e-05,15,15,2060,2060
36089,36089,LI171,Li-ion battery,0,10,100,500,4,0.92,0.92,1.3889e-05,15,15,2060,2060
36089,36089,LD171,Long-duration storage,0,50,4,20,720,0.63,0.53,1.1e-08,30,30,2060,2060
36089,36089,MD171,Multi-day storage,0,5,100,500,100,0.65,0.65,1.3889e-05,15,15,2060,2060
42109,42109,LI172,Li-ion battery,0,10,100,500,4,0.92,0.92,1.3889e-05,15,15,2060,2060
42109,42109,LD172,Long-duration storage,0,50,4,20,720,0.63,0.53,1.1e-08,30,30,2060,2060
42109,42109,MD172,Multi-day storage,0,5,100,500,100,0.65,0.65,1.3889e-05,15,15,2060,2060
42001,42001,LI173,Li-ion battery,0,10,100,500,4,0.92,0.92,1.3889e-05,15,15,2060,2060
42001,42001,LD173,Long-duration storage,0,50,4,20,720,0.63,0.53,1.1e-08,30,30,2060,2060
42001,42001,MD173,Multi-day storage,0,5,100,500,100,0.65,0.65,1.3889e-05,15,15,2060,2060
25003,25003,LI174,Li-ion battery,1,2.0,0,0,2.0,0.92,0.92,1.3889e-05,15,15,2060,2060
25003,25003,LI174,Li-ion battery,0,10,100,500,4,0.92,0.92,1.3889e-05,15,15,2060,2060
25003,25003,LD174,Long-duration storage,0,50,4,20,720,0.63,0.53,1.1e-08,30,30,2060,2060
25003,25003,MD174,Multi-day storage,0,5,100,500,100,0.65,0.65,1.3889e-05,15,15,2060,2060
42025,42025,LI175,Li-ion battery,0,10,100,500,4,0.92,0.92,1.3889e-05,15,15,2060,2060
42025,42025,LD175,Long-duration storage,0,50,4,20,720,0.63,0.53,1.1e-08,30,30,2060,2060
42025,42025,MD175,Multi-day storage,0,5,100,500,100,0.65,0.65,1.3889e-05,15,15,2060,2060
42131,42131,LI176,Li-ion battery,0,10,100,500,4,0.92,0.92,1.3889e-05,15,15,2060,2060
42131,42131,LD176,Long-duration storage,0,50,4,20,720,0.63,0.53,1.1e-08,30,30,2060,2060
42131,42131,MD176,Multi-day storage,0,5,100,500,100,0.65,0.65,1.3889e-05,15,15,2060,2060
36049,36049,LI177,Li-ion battery,0,10,100,500,4,0.92,0.92,1.3889e-05,15,15,2060,2060
36049,36049,LD177,Long-duration storage,0,50,4,20,720,0.63,0.53,1.1e-08,30,30,2060,2060
36049,36049,MD177,Multi-day storage,0,5,100,500,100,0.65,0.65,1.3889e-05,15,15,2060,2060
